product,plant_line,day,production_amount
Product0,PP0-L0,1,0.0
Product0,PP0-L0,2,0.0
Product0,PP0-L0,3,0.0
Product0,PP0-L0,4,0.0
Product0,PP0-L0,5,0.0
Product0,PP0-L0,6,0.0
Product0,PP0-L0,7,0.0
Product0,PP0-L0,8,0.0
Product0,PP0-L0,9,0.0
Product0,PP0-L0,10,0.0
Product0,PP0-L0,11,0.0
Product0,PP0-L0,12,0.0
Product0,PP0-L0,13,0.0
Product0,PP0-L0,14,0.0
Product0,PP0-L0,15,0.0
Product0,PP0-L0,16,0.0
Product0,PP0-L0,17,0.0
Product0,PP0-L0,18,0.0
Product0,PP0-L0,19,0.0
Product0,PP0-L0,20,0.0
Product0,PP0-L0,21,0.0
Product0,PP0-L0,22,0.0
Product0,PP0-L0,23,0.0
Product0,PP0-L0,24,0.0
Product0,PP0-L0,25,0.0
Product0,PP0-L0,26,0.0
Product0,PP0-L0,27,0.0
Product0,PP0-L0,28,0.0
Product0,PP0-L0,29,0.0
Product0,PP0-L0,30,0.0
Product0,PP0-L0,31,40.0
Product0,PP0-L0,32,0.0
Product0,PP0-L0,33,0.0
Product0,PP0-L0,34,0.0
Product0,PP0-L0,35,0.0
Product0,PP0-L1,1,0.0
Product0,PP0-L1,2,0.0
Product0,PP0-L1,3,0.0
Product0,PP0-L1,4,0.0
Product0,PP0-L1,5,0.0
Product0,PP0-L1,6,0.0
Product0,PP0-L1,7,0.0
Product0,PP0-L1,8,0.0
Product0,PP0-L1,9,0.0
Product0,PP0-L1,10,0.0
Product0,PP0-L1,11,0.0
Product0,PP0-L1,12,0.0
Product0,PP0-L1,13,0.0
Product0,PP0-L1,14,0.0
Product0,PP0-L1,15,0.0
Product0,PP0-L1,16,0.0
Product0,PP0-L1,17,0.0
Product0,PP0-L1,18,0.0
Product0,PP0-L1,19,0.0
Product0,PP0-L1,20,0.0
Product0,PP0-L1,21,0.0
Product0,PP0-L1,22,0.0
Product0,PP0-L1,23,0.0
Product0,PP0-L1,24,0.0
Product0,PP0-L1,25,0.0
Product0,PP0-L1,26,160.0
Product0,PP0-L1,27,80.0
Product0,PP0-L1,28,160.0
Product0,PP0-L1,29,0.0
Product0,PP0-L1,30,0.0
Product0,PP0-L1,31,80.0
Product0,PP0-L1,32,0.0
Product0,PP0-L1,33,0.0
Product0,PP0-L1,34,0.0
Product0,PP0-L1,35,0.0
Product0,PP0-L2,1,0.0
Product0,PP0-L2,2,0.0
Product0,PP0-L2,3,0.0
Product0,PP0-L2,4,0.0
Product0,PP0-L2,5,0.0
Product0,PP0-L2,6,0.0
Product0,PP0-L2,7,0.0
Product0,PP0-L2,8,0.0
Product0,PP0-L2,9,0.0
Product0,PP0-L2,10,0.0
Product0,PP0-L2,11,0.0
Product0,PP0-L2,12,0.0
Product0,PP0-L2,13,0.0
Product0,PP0-L2,14,0.0
Product0,PP0-L2,15,0.0
Product0,PP0-L2,16,0.0
Product0,PP0-L2,17,0.0
Product0,PP0-L2,18,0.0
Product0,PP0-L2,19,0.0
Product0,PP0-L2,20,0.0
Product0,PP0-L2,21,0.0
Product0,PP0-L2,22,0.0
Product0,PP0-L2,23,0.0
Product0,PP0-L2,24,0.0
Product0,PP0-L2,25,0.0
Product0,PP0-L2,26,0.0
Product0,PP0-L2,27,0.0
Product0,PP0-L2,28,0.0
Product0,PP0-L2,29,0.0
Product0,PP0-L2,30,0.0
Product0,PP0-L2,31,0.0
Product0,PP0-L2,32,80.0
Product0,PP0-L2,33,80.0
Product0,PP0-L2,34,0.0
Product0,PP0-L2,35,160.0
Product0,PP0-L3,1,0.0
Product0,PP0-L3,2,0.0
Product0,PP0-L3,3,0.0
Product0,PP0-L3,4,0.0
Product0,PP0-L3,5,0.0
Product0,PP0-L3,6,0.0
Product0,PP0-L3,7,0.0
Product0,PP0-L3,8,0.0
Product0,PP0-L3,9,0.0
Product0,PP0-L3,10,0.0
Product0,PP0-L3,11,0.0
Product0,PP0-L3,12,0.0
Product0,PP0-L3,13,0.0
Product0,PP0-L3,14,0.0
Product0,PP0-L3,15,0.0
Product0,PP0-L3,16,0.0
Product0,PP0-L3,17,0.0
Product0,PP0-L3,18,0.0
Product0,PP0-L3,19,0.0
Product0,PP0-L3,20,0.0
Product0,PP0-L3,21,0.0
Product0,PP0-L3,22,0.0
Product0,PP0-L3,23,0.0
Product0,PP0-L3,24,0.0
Product0,PP0-L3,25,0.0
Product0,PP0-L3,26,0.0
Product0,PP0-L3,27,40.0
Product0,PP0-L3,28,40.0
Product0,PP0-L3,29,0.0
Product0,PP0-L3,30,0.0
Product0,PP0-L3,31,0.0
Product0,PP0-L3,32,0.0
Product0,PP0-L3,33,40.0
Product0,PP0-L3,34,0.0
Product0,PP0-L3,35,40.0
Product0,PP0-L4,1,0.0
Product0,PP0-L4,2,0.0
Product0,PP0-L4,3,0.0
Product0,PP0-L4,4,0.0
Product0,PP0-L4,5,0.0
Product0,PP0-L4,6,0.0
Product0,PP0-L4,7,0.0
Product0,PP0-L4,8,0.0
Product0,PP0-L4,9,0.0
Product0,PP0-L4,10,0.0
Product0,PP0-L4,11,0.0
Product0,PP0-L4,12,0.0
Product0,PP0-L4,13,0.0
Product0,PP0-L4,14,0.0
Product0,PP0-L4,15,0.0
Product0,PP0-L4,16,0.0
Product0,PP0-L4,17,0.0
Product0,PP0-L4,18,0.0
Product0,PP0-L4,19,0.0
Product0,PP0-L4,20,0.0
Product0,PP0-L4,21,0.0
Product0,PP0-L4,22,0.0
Product0,PP0-L4,23,0.0
Product0,PP0-L4,24,0.0
Product0,PP0-L4,25,0.0
Product0,PP0-L4,26,40.0
Product0,PP0-L4,27,0.0
Product0,PP0-L4,28,0.0
Product0,PP0-L4,29,0.0
Product0,PP0-L4,30,0.0
Product0,PP0-L4,31,80.0
Product0,PP0-L4,32,120.0
Product0,PP0-L4,33,0.0
Product0,PP0-L4,34,0.0
Product0,PP0-L4,35,0.0
Product0,PP1-L0,1,0.0
Product0,PP1-L0,2,0.0
Product0,PP1-L0,3,0.0
Product0,PP1-L0,4,0.0
Product0,PP1-L0,5,0.0
Product0,PP1-L0,6,0.0
Product0,PP1-L0,7,0.0
Product0,PP1-L0,8,0.0
Product0,PP1-L0,9,0.0
Product0,PP1-L0,10,0.0
Product0,PP1-L0,11,0.0
Product0,PP1-L0,12,0.0
Product0,PP1-L0,13,0.0
Product0,PP1-L0,14,0.0
Product0,PP1-L0,15,0.0
Product0,PP1-L0,16,0.0
Product0,PP1-L0,17,0.0
Product0,PP1-L0,18,0.0
Product0,PP1-L0,19,0.0
Product0,PP1-L0,20,0.0
Product0,PP1-L0,21,0.0
Product0,PP1-L0,22,0.0
Product0,PP1-L0,23,0.0
Product0,PP1-L0,24,0.0
Product0,PP1-L0,25,200.0
Product0,PP1-L0,26,40.0
Product0,PP1-L0,27,0.0
Product0,PP1-L0,28,0.0
Product0,PP1-L0,29,40.0
Product0,PP1-L0,30,0.0
Product0,PP1-L0,31,120.0
Product0,PP1-L0,32,0.0
Product0,PP1-L0,33,0.0
Product0,PP1-L0,34,120.0
Product0,PP1-L0,35,0.0
Product0,PP1-L1,1,0.0
Product0,PP1-L1,2,0.0
Product0,PP1-L1,3,0.0
Product0,PP1-L1,4,0.0
Product0,PP1-L1,5,0.0
Product0,PP1-L1,6,0.0
Product0,PP1-L1,7,0.0
Product0,PP1-L1,8,0.0
Product0,PP1-L1,9,0.0
Product0,PP1-L1,10,0.0
Product0,PP1-L1,11,0.0
Product0,PP1-L1,12,0.0
Product0,PP1-L1,13,0.0
Product0,PP1-L1,14,0.0
Product0,PP1-L1,15,0.0
Product0,PP1-L1,16,0.0
Product0,PP1-L1,17,0.0
Product0,PP1-L1,18,0.0
Product0,PP1-L1,19,0.0
Product0,PP1-L1,20,0.0
Product0,PP1-L1,21,0.0
Product0,PP1-L1,22,0.0
Product0,PP1-L1,23,0.0
Product0,PP1-L1,24,0.0
Product0,PP1-L1,25,0.0
Product0,PP1-L1,26,0.0
Product0,PP1-L1,27,40.0
Product0,PP1-L1,28,200.0
Product0,PP1-L1,29,160.0
Product0,PP1-L1,30,0.0
Product0,PP1-L1,31,0.0
Product0,PP1-L1,32,0.0
Product0,PP1-L1,33,0.0
Product0,PP1-L1,34,0.0
Product0,PP1-L1,35,0.0
Product0,PP1-L2,1,0.0
Product0,PP1-L2,2,0.0
Product0,PP1-L2,3,0.0
Product0,PP1-L2,4,0.0
Product0,PP1-L2,5,0.0
Product0,PP1-L2,6,0.0
Product0,PP1-L2,7,0.0
Product0,PP1-L2,8,0.0
Product0,PP1-L2,9,0.0
Product0,PP1-L2,10,0.0
Product0,PP1-L2,11,0.0
Product0,PP1-L2,12,0.0
Product0,PP1-L2,13,0.0
Product0,PP1-L2,14,0.0
Product0,PP1-L2,15,0.0
Product0,PP1-L2,16,0.0
Product0,PP1-L2,17,0.0
Product0,PP1-L2,18,0.0
Product0,PP1-L2,19,0.0
Product0,PP1-L2,20,0.0
Product0,PP1-L2,21,0.0
Product0,PP1-L2,22,0.0
Product0,PP1-L2,23,0.0
Product0,PP1-L2,24,0.0
Product0,PP1-L2,25,0.0
Product0,PP1-L2,26,0.0
Product0,PP1-L2,27,120.0
Product0,PP1-L2,28,0.0
Product0,PP1-L2,29,0.0
Product0,PP1-L2,30,0.0
Product0,PP1-L2,31,0.0
Product0,PP1-L2,32,0.0
Product0,PP1-L2,33,0.0
Product0,PP1-L2,34,80.0
Product0,PP1-L2,35,80.0
Product0,PP1-L3,1,0.0
Product0,PP1-L3,2,0.0
Product0,PP1-L3,3,0.0
Product0,PP1-L3,4,0.0
Product0,PP1-L3,5,0.0
Product0,PP1-L3,6,0.0
Product0,PP1-L3,7,0.0
Product0,PP1-L3,8,0.0
Product0,PP1-L3,9,0.0
Product0,PP1-L3,10,0.0
Product0,PP1-L3,11,0.0
Product0,PP1-L3,12,0.0
Product0,PP1-L3,13,0.0
Product0,PP1-L3,14,0.0
Product0,PP1-L3,15,0.0
Product0,PP1-L3,16,0.0
Product0,PP1-L3,17,0.0
Product0,PP1-L3,18,0.0
Product0,PP1-L3,19,0.0
Product0,PP1-L3,20,0.0
Product0,PP1-L3,21,0.0
Product0,PP1-L3,22,0.0
Product0,PP1-L3,23,0.0
Product0,PP1-L3,24,0.0
Product0,PP1-L3,25,0.0
Product0,PP1-L3,26,0.0
Product0,PP1-L3,27,40.0
Product0,PP1-L3,28,0.0
Product0,PP1-L3,29,0.0
Product0,PP1-L3,30,0.0
Product0,PP1-L3,31,80.0
Product0,PP1-L3,32,0.0
Product0,PP1-L3,33,0.0
Product0,PP1-L3,34,0.0
Product0,PP1-L3,35,0.0
Product0,PP1-L4,1,0.0
Product0,PP1-L4,2,0.0
Product0,PP1-L4,3,0.0
Product0,PP1-L4,4,0.0
Product0,PP1-L4,5,0.0
Product0,PP1-L4,6,0.0
Product0,PP1-L4,7,0.0
Product0,PP1-L4,8,0.0
Product0,PP1-L4,9,0.0
Product0,PP1-L4,10,0.0
Product0,PP1-L4,11,0.0
Product0,PP1-L4,12,0.0
Product0,PP1-L4,13,0.0
Product0,PP1-L4,14,0.0
Product0,PP1-L4,15,0.0
Product0,PP1-L4,16,0.0
Product0,PP1-L4,17,0.0
Product0,PP1-L4,18,0.0
Product0,PP1-L4,19,0.0
Product0,PP1-L4,20,0.0
Product0,PP1-L4,21,0.0
Product0,PP1-L4,22,0.0
Product0,PP1-L4,23,0.0
Product0,PP1-L4,24,200.0
Product0,PP1-L4,25,0.0
Product0,PP1-L4,26,80.0
Product0,PP1-L4,27,0.0
Product0,PP1-L4,28,0.0
Product0,PP1-L4,29,0.0
Product0,PP1-L4,30,0.0
Product0,PP1-L4,31,0.0
Product0,PP1-L4,32,0.0
Product0,PP1-L4,33,0.0
Product0,PP1-L4,34,0.0
Product0,PP1-L4,35,0.0
Product0,PP2-L0,1,0.0
Product0,PP2-L0,2,0.0
Product0,PP2-L0,3,0.0
Product0,PP2-L0,4,0.0
Product0,PP2-L0,5,0.0
Product0,PP2-L0,6,0.0
Product0,PP2-L0,7,0.0
Product0,PP2-L0,8,0.0
Product0,PP2-L0,9,0.0
Product0,PP2-L0,10,0.0
Product0,PP2-L0,11,0.0
Product0,PP2-L0,12,0.0
Product0,PP2-L0,13,0.0
Product0,PP2-L0,14,0.0
Product0,PP2-L0,15,0.0
Product0,PP2-L0,16,0.0
Product0,PP2-L0,17,0.0
Product0,PP2-L0,18,0.0
Product0,PP2-L0,19,0.0
Product0,PP2-L0,20,0.0
Product0,PP2-L0,21,0.0
Product0,PP2-L0,22,0.0
Product0,PP2-L0,23,0.0
Product0,PP2-L0,24,0.0
Product0,PP2-L0,25,40.0
Product0,PP2-L0,26,0.0
Product0,PP2-L0,27,0.0
Product0,PP2-L0,28,40.0
Product0,PP2-L0,29,0.0
Product0,PP2-L0,30,0.0
Product0,PP2-L0,31,200.0
Product0,PP2-L0,32,0.0
Product0,PP2-L0,33,0.0
Product0,PP2-L0,34,0.0
Product0,PP2-L0,35,0.0
Product0,PP2-L1,1,0.0
Product0,PP2-L1,2,0.0
Product0,PP2-L1,3,0.0
Product0,PP2-L1,4,0.0
Product0,PP2-L1,5,0.0
Product0,PP2-L1,6,0.0
Product0,PP2-L1,7,0.0
Product0,PP2-L1,8,0.0
Product0,PP2-L1,9,0.0
Product0,PP2-L1,10,0.0
Product0,PP2-L1,11,0.0
Product0,PP2-L1,12,0.0
Product0,PP2-L1,13,0.0
Product0,PP2-L1,14,0.0
Product0,PP2-L1,15,0.0
Product0,PP2-L1,16,0.0
Product0,PP2-L1,17,0.0
Product0,PP2-L1,18,0.0
Product0,PP2-L1,19,0.0
Product0,PP2-L1,20,0.0
Product0,PP2-L1,21,0.0
Product0,PP2-L1,22,0.0
Product0,PP2-L1,23,0.0
Product0,PP2-L1,24,200.0
Product0,PP2-L1,25,0.0
Product0,PP2-L1,26,0.0
Product0,PP2-L1,27,0.0
Product0,PP2-L1,28,0.0
Product0,PP2-L1,29,0.0
Product0,PP2-L1,30,0.0
Product0,PP2-L1,31,0.0
Product0,PP2-L1,32,0.0
Product0,PP2-L1,33,0.0
Product0,PP2-L1,34,200.0
Product0,PP2-L1,35,0.0
Product0,PP2-L2,1,0.0
Product0,PP2-L2,2,0.0
Product0,PP2-L2,3,0.0
Product0,PP2-L2,4,0.0
Product0,PP2-L2,5,0.0
Product0,PP2-L2,6,0.0
Product0,PP2-L2,7,0.0
Product0,PP2-L2,8,0.0
Product0,PP2-L2,9,0.0
Product0,PP2-L2,10,0.0
Product0,PP2-L2,11,0.0
Product0,PP2-L2,12,0.0
Product0,PP2-L2,13,0.0
Product0,PP2-L2,14,0.0
Product0,PP2-L2,15,0.0
Product0,PP2-L2,16,0.0
Product0,PP2-L2,17,0.0
Product0,PP2-L2,18,0.0
Product0,PP2-L2,19,0.0
Product0,PP2-L2,20,0.0
Product0,PP2-L2,21,0.0
Product0,PP2-L2,22,0.0
Product0,PP2-L2,23,0.0
Product0,PP2-L2,24,0.0
Product0,PP2-L2,25,0.0
Product0,PP2-L2,26,0.0
Product0,PP2-L2,27,0.0
Product0,PP2-L2,28,0.0
Product0,PP2-L2,29,0.0
Product0,PP2-L2,30,0.0
Product0,PP2-L2,31,0.0
Product0,PP2-L2,32,0.0
Product0,PP2-L2,33,40.0
Product0,PP2-L2,34,0.0
Product0,PP2-L2,35,0.0
Product0,PP2-L3,1,0.0
Product0,PP2-L3,2,0.0
Product0,PP2-L3,3,0.0
Product0,PP2-L3,4,0.0
Product0,PP2-L3,5,0.0
Product0,PP2-L3,6,0.0
Product0,PP2-L3,7,0.0
Product0,PP2-L3,8,0.0
Product0,PP2-L3,9,0.0
Product0,PP2-L3,10,0.0
Product0,PP2-L3,11,0.0
Product0,PP2-L3,12,0.0
Product0,PP2-L3,13,0.0
Product0,PP2-L3,14,0.0
Product0,PP2-L3,15,0.0
Product0,PP2-L3,16,0.0
Product0,PP2-L3,17,0.0
Product0,PP2-L3,18,0.0
Product0,PP2-L3,19,0.0
Product0,PP2-L3,20,0.0
Product0,PP2-L3,21,0.0
Product0,PP2-L3,22,0.0
Product0,PP2-L3,23,0.0
Product0,PP2-L3,24,0.0
Product0,PP2-L3,25,0.0
Product0,PP2-L3,26,0.0
Product0,PP2-L3,27,0.0
Product0,PP2-L3,28,0.0
Product0,PP2-L3,29,0.0
Product0,PP2-L3,30,0.0
Product0,PP2-L3,31,0.0
Product0,PP2-L3,32,0.0
Product0,PP2-L3,33,0.0
Product0,PP2-L3,34,0.0
Product0,PP2-L3,35,0.0
Product0,PP2-L4,1,0.0
Product0,PP2-L4,2,0.0
Product0,PP2-L4,3,0.0
Product0,PP2-L4,4,0.0
Product0,PP2-L4,5,0.0
Product0,PP2-L4,6,0.0
Product0,PP2-L4,7,0.0
Product0,PP2-L4,8,0.0
Product0,PP2-L4,9,0.0
Product0,PP2-L4,10,0.0
Product0,PP2-L4,11,0.0
Product0,PP2-L4,12,0.0
Product0,PP2-L4,13,0.0
Product0,PP2-L4,14,0.0
Product0,PP2-L4,15,0.0
Product0,PP2-L4,16,0.0
Product0,PP2-L4,17,0.0
Product0,PP2-L4,18,0.0
Product0,PP2-L4,19,0.0
Product0,PP2-L4,20,0.0
Product0,PP2-L4,21,0.0
Product0,PP2-L4,22,0.0
Product0,PP2-L4,23,0.0
Product0,PP2-L4,24,0.0
Product0,PP2-L4,25,160.0
Product0,PP2-L4,26,0.0
Product0,PP2-L4,27,0.0
Product0,PP2-L4,28,0.0
Product0,PP2-L4,29,0.0
Product0,PP2-L4,30,0.0
Product0,PP2-L4,31,0.0
Product0,PP2-L4,32,0.0
Product0,PP2-L4,33,160.0
Product0,PP2-L4,34,0.0
Product0,PP2-L4,35,0.0
Product0,PP3-L0,1,0.0
Product0,PP3-L0,2,0.0
Product0,PP3-L0,3,0.0
Product0,PP3-L0,4,0.0
Product0,PP3-L0,5,0.0
Product0,PP3-L0,6,0.0
Product0,PP3-L0,7,0.0
Product0,PP3-L0,8,0.0
Product0,PP3-L0,9,0.0
Product0,PP3-L0,10,0.0
Product0,PP3-L0,11,0.0
Product0,PP3-L0,12,0.0
Product0,PP3-L0,13,0.0
Product0,PP3-L0,14,0.0
Product0,PP3-L0,15,0.0
Product0,PP3-L0,16,0.0
Product0,PP3-L0,17,0.0
Product0,PP3-L0,18,0.0
Product0,PP3-L0,19,0.0
Product0,PP3-L0,20,0.0
Product0,PP3-L0,21,0.0
Product0,PP3-L0,22,0.0
Product0,PP3-L0,23,0.0
Product0,PP3-L0,24,80.0
Product0,PP3-L0,25,0.0
Product0,PP3-L0,26,0.0
Product0,PP3-L0,27,0.0
Product0,PP3-L0,28,200.0
Product0,PP3-L0,29,0.0
Product0,PP3-L0,30,0.0
Product0,PP3-L0,31,200.0
Product0,PP3-L0,32,0.0
Product0,PP3-L0,33,0.0
Product0,PP3-L0,34,0.0
Product0,PP3-L0,35,0.0
Product0,PP3-L1,1,0.0
Product0,PP3-L1,2,0.0
Product0,PP3-L1,3,0.0
Product0,PP3-L1,4,0.0
Product0,PP3-L1,5,0.0
Product0,PP3-L1,6,0.0
Product0,PP3-L1,7,0.0
Product0,PP3-L1,8,0.0
Product0,PP3-L1,9,0.0
Product0,PP3-L1,10,0.0
Product0,PP3-L1,11,0.0
Product0,PP3-L1,12,0.0
Product0,PP3-L1,13,0.0
Product0,PP3-L1,14,0.0
Product0,PP3-L1,15,0.0
Product0,PP3-L1,16,0.0
Product0,PP3-L1,17,0.0
Product0,PP3-L1,18,0.0
Product0,PP3-L1,19,0.0
Product0,PP3-L1,20,0.0
Product0,PP3-L1,21,0.0
Product0,PP3-L1,22,0.0
Product0,PP3-L1,23,0.0
Product0,PP3-L1,24,0.0
Product0,PP3-L1,25,0.0
Product0,PP3-L1,26,0.0
Product0,PP3-L1,27,0.0
Product0,PP3-L1,28,0.0
Product0,PP3-L1,29,0.0
Product0,PP3-L1,30,0.0
Product0,PP3-L1,31,0.0
Product0,PP3-L1,32,0.0
Product0,PP3-L1,33,200.0
Product0,PP3-L1,34,0.0
Product0,PP3-L1,35,0.0
Product0,PP3-L2,1,0.0
Product0,PP3-L2,2,0.0
Product0,PP3-L2,3,0.0
Product0,PP3-L2,4,0.0
Product0,PP3-L2,5,0.0
Product0,PP3-L2,6,0.0
Product0,PP3-L2,7,0.0
Product0,PP3-L2,8,0.0
Product0,PP3-L2,9,0.0
Product0,PP3-L2,10,0.0
Product0,PP3-L2,11,0.0
Product0,PP3-L2,12,0.0
Product0,PP3-L2,13,0.0
Product0,PP3-L2,14,0.0
Product0,PP3-L2,15,0.0
Product0,PP3-L2,16,0.0
Product0,PP3-L2,17,0.0
Product0,PP3-L2,18,0.0
Product0,PP3-L2,19,0.0
Product0,PP3-L2,20,0.0
Product0,PP3-L2,21,0.0
Product0,PP3-L2,22,0.0
Product0,PP3-L2,23,0.0
Product0,PP3-L2,24,120.0
Product0,PP3-L2,25,0.0
Product0,PP3-L2,26,0.0
Product0,PP3-L2,27,0.0
Product0,PP3-L2,28,0.0
Product0,PP3-L2,29,0.0
Product0,PP3-L2,30,0.0
Product0,PP3-L2,31,0.0
Product0,PP3-L2,32,0.0
Product0,PP3-L2,33,0.0
Product0,PP3-L2,34,0.0
Product0,PP3-L2,35,0.0
Product0,PP3-L3,1,0.0
Product0,PP3-L3,2,0.0
Product0,PP3-L3,3,0.0
Product0,PP3-L3,4,0.0
Product0,PP3-L3,5,0.0
Product0,PP3-L3,6,0.0
Product0,PP3-L3,7,0.0
Product0,PP3-L3,8,0.0
Product0,PP3-L3,9,0.0
Product0,PP3-L3,10,0.0
Product0,PP3-L3,11,0.0
Product0,PP3-L3,12,0.0
Product0,PP3-L3,13,0.0
Product0,PP3-L3,14,0.0
Product0,PP3-L3,15,0.0
Product0,PP3-L3,16,0.0
Product0,PP3-L3,17,0.0
Product0,PP3-L3,18,0.0
Product0,PP3-L3,19,0.0
Product0,PP3-L3,20,0.0
Product0,PP3-L3,21,0.0
Product0,PP3-L3,22,0.0
Product0,PP3-L3,23,0.0
Product0,PP3-L3,24,0.0
Product0,PP3-L3,25,200.0
Product0,PP3-L3,26,0.0
Product0,PP3-L3,27,80.0
Product0,PP3-L3,28,0.0
Product0,PP3-L3,29,0.0
Product0,PP3-L3,30,0.0
Product0,PP3-L3,31,0.0
Product0,PP3-L3,32,0.0
Product0,PP3-L3,33,0.0
Product0,PP3-L3,34,80.0
Product0,PP3-L3,35,0.0
Product0,PP3-L4,1,0.0
Product0,PP3-L4,2,0.0
Product0,PP3-L4,3,0.0
Product0,PP3-L4,4,0.0
Product0,PP3-L4,5,0.0
Product0,PP3-L4,6,0.0
Product0,PP3-L4,7,0.0
Product0,PP3-L4,8,0.0
Product0,PP3-L4,9,0.0
Product0,PP3-L4,10,0.0
Product0,PP3-L4,11,0.0
Product0,PP3-L4,12,0.0
Product0,PP3-L4,13,0.0
Product0,PP3-L4,14,0.0
Product0,PP3-L4,15,0.0
Product0,PP3-L4,16,0.0
Product0,PP3-L4,17,0.0
Product0,PP3-L4,18,0.0
Product0,PP3-L4,19,0.0
Product0,PP3-L4,20,0.0
Product0,PP3-L4,21,0.0
Product0,PP3-L4,22,0.0
Product0,PP3-L4,23,0.0
Product0,PP3-L4,24,0.0
Product0,PP3-L4,25,0.0
Product0,PP3-L4,26,0.0
Product0,PP3-L4,27,0.0
Product0,PP3-L4,28,0.0
Product0,PP3-L4,29,0.0
Product0,PP3-L4,30,0.0
Product0,PP3-L4,31,0.0
Product0,PP3-L4,32,0.0
Product0,PP3-L4,33,0.0
Product0,PP3-L4,34,80.0
Product0,PP3-L4,35,200.0
Product0,PP4-L0,1,0.0
Product0,PP4-L0,2,0.0
Product0,PP4-L0,3,0.0
Product0,PP4-L0,4,0.0
Product0,PP4-L0,5,0.0
Product0,PP4-L0,6,0.0
Product0,PP4-L0,7,0.0
Product0,PP4-L0,8,0.0
Product0,PP4-L0,9,0.0
Product0,PP4-L0,10,0.0
Product0,PP4-L0,11,0.0
Product0,PP4-L0,12,0.0
Product0,PP4-L0,13,0.0
Product0,PP4-L0,14,0.0
Product0,PP4-L0,15,0.0
Product0,PP4-L0,16,0.0
Product0,PP4-L0,17,0.0
Product0,PP4-L0,18,0.0
Product0,PP4-L0,19,0.0
Product0,PP4-L0,20,0.0
Product0,PP4-L0,21,0.0
Product0,PP4-L0,22,0.0
Product0,PP4-L0,23,0.0
Product0,PP4-L0,24,0.0
Product0,PP4-L0,25,200.0
Product0,PP4-L0,26,0.0
Product0,PP4-L0,27,40.0
Product0,PP4-L0,28,0.0
Product0,PP4-L0,29,0.0
Product0,PP4-L0,30,0.0
Product0,PP4-L0,31,200.0
Product0,PP4-L0,32,0.0
Product0,PP4-L0,33,160.0
Product0,PP4-L0,34,0.0
Product0,PP4-L0,35,0.0
Product0,PP4-L1,1,0.0
Product0,PP4-L1,2,0.0
Product0,PP4-L1,3,0.0
Product0,PP4-L1,4,0.0
Product0,PP4-L1,5,0.0
Product0,PP4-L1,6,0.0
Product0,PP4-L1,7,0.0
Product0,PP4-L1,8,0.0
Product0,PP4-L1,9,0.0
Product0,PP4-L1,10,0.0
Product0,PP4-L1,11,0.0
Product0,PP4-L1,12,0.0
Product0,PP4-L1,13,0.0
Product0,PP4-L1,14,0.0
Product0,PP4-L1,15,0.0
Product0,PP4-L1,16,0.0
Product0,PP4-L1,17,0.0
Product0,PP4-L1,18,0.0
Product0,PP4-L1,19,0.0
Product0,PP4-L1,20,0.0
Product0,PP4-L1,21,0.0
Product0,PP4-L1,22,0.0
Product0,PP4-L1,23,0.0
Product0,PP4-L1,24,0.0
Product0,PP4-L1,25,0.0
Product0,PP4-L1,26,0.0
Product0,PP4-L1,27,0.0
Product0,PP4-L1,28,0.0
Product0,PP4-L1,29,0.0
Product0,PP4-L1,30,160.0
Product0,PP4-L1,31,0.0
Product0,PP4-L1,32,0.0
Product0,PP4-L1,33,0.0
Product0,PP4-L1,34,0.0
Product0,PP4-L1,35,0.0
Product0,PP4-L2,1,0.0
Product0,PP4-L2,2,0.0
Product0,PP4-L2,3,0.0
Product0,PP4-L2,4,0.0
Product0,PP4-L2,5,0.0
Product0,PP4-L2,6,0.0
Product0,PP4-L2,7,0.0
Product0,PP4-L2,8,0.0
Product0,PP4-L2,9,0.0
Product0,PP4-L2,10,0.0
Product0,PP4-L2,11,0.0
Product0,PP4-L2,12,0.0
Product0,PP4-L2,13,0.0
Product0,PP4-L2,14,0.0
Product0,PP4-L2,15,0.0
Product0,PP4-L2,16,0.0
Product0,PP4-L2,17,0.0
Product0,PP4-L2,18,0.0
Product0,PP4-L2,19,0.0
Product0,PP4-L2,20,0.0
Product0,PP4-L2,21,0.0
Product0,PP4-L2,22,0.0
Product0,PP4-L2,23,0.0
Product0,PP4-L2,24,200.0
Product0,PP4-L2,25,0.0
Product0,PP4-L2,26,0.0
Product0,PP4-L2,27,0.0
Product0,PP4-L2,28,0.0
Product0,PP4-L2,29,0.0
Product0,PP4-L2,30,40.0
Product0,PP4-L2,31,0.0
Product0,PP4-L2,32,0.0
Product0,PP4-L2,33,0.0
Product0,PP4-L2,34,0.0
Product0,PP4-L2,35,0.0
Product0,PP4-L3,1,0.0
Product0,PP4-L3,2,0.0
Product0,PP4-L3,3,0.0
Product0,PP4-L3,4,0.0
Product0,PP4-L3,5,0.0
Product0,PP4-L3,6,0.0
Product0,PP4-L3,7,0.0
Product0,PP4-L3,8,0.0
Product0,PP4-L3,9,0.0
Product0,PP4-L3,10,0.0
Product0,PP4-L3,11,0.0
Product0,PP4-L3,12,0.0
Product0,PP4-L3,13,0.0
Product0,PP4-L3,14,0.0
Product0,PP4-L3,15,0.0
Product0,PP4-L3,16,0.0
Product0,PP4-L3,17,0.0
Product0,PP4-L3,18,0.0
Product0,PP4-L3,19,0.0
Product0,PP4-L3,20,0.0
Product0,PP4-L3,21,0.0
Product0,PP4-L3,22,0.0
Product0,PP4-L3,23,0.0
Product0,PP4-L3,24,0.0
Product0,PP4-L3,25,0.0
Product0,PP4-L3,26,200.0
Product0,PP4-L3,27,40.0
Product0,PP4-L3,28,200.0
Product0,PP4-L3,29,0.0
Product0,PP4-L3,30,0.0
Product0,PP4-L3,31,0.0
Product0,PP4-L3,32,0.0
Product0,PP4-L3,33,0.0
Product0,PP4-L3,34,0.0
Product0,PP4-L3,35,40.0
Product0,PP4-L4,1,0.0
Product0,PP4-L4,2,0.0
Product0,PP4-L4,3,0.0
Product0,PP4-L4,4,0.0
Product0,PP4-L4,5,0.0
Product0,PP4-L4,6,0.0
Product0,PP4-L4,7,0.0
Product0,PP4-L4,8,0.0
Product0,PP4-L4,9,0.0
Product0,PP4-L4,10,0.0
Product0,PP4-L4,11,0.0
Product0,PP4-L4,12,0.0
Product0,PP4-L4,13,0.0
Product0,PP4-L4,14,0.0
Product0,PP4-L4,15,0.0
Product0,PP4-L4,16,0.0
Product0,PP4-L4,17,0.0
Product0,PP4-L4,18,0.0
Product0,PP4-L4,19,0.0
Product0,PP4-L4,20,0.0
Product0,PP4-L4,21,0.0
Product0,PP4-L4,22,0.0
Product0,PP4-L4,23,0.0
Product0,PP4-L4,24,0.0
Product0,PP4-L4,25,0.0
Product0,PP4-L4,26,0.0
Product0,PP4-L4,27,40.0
Product0,PP4-L4,28,0.0
Product0,PP4-L4,29,0.0
Product0,PP4-L4,30,0.0
Product0,PP4-L4,31,0.0
Product0,PP4-L4,32,0.0
Product0,PP4-L4,33,40.0
Product0,PP4-L4,34,0.0
Product0,PP4-L4,35,0.0
Product1,PP0-L0,1,0.0
Product1,PP0-L0,2,0.0
Product1,PP0-L0,3,0.0
Product1,PP0-L0,4,0.0
Product1,PP0-L0,5,0.0
Product1,PP0-L0,6,0.0
Product1,PP0-L0,7,0.0
Product1,PP0-L0,8,0.0
Product1,PP0-L0,9,0.0
Product1,PP0-L0,10,0.0
Product1,PP0-L0,11,0.0
Product1,PP0-L0,12,0.0
Product1,PP0-L0,13,0.0
Product1,PP0-L0,14,0.0
Product1,PP0-L0,15,0.0
Product1,PP0-L0,16,0.0
Product1,PP0-L0,17,0.0
Product1,PP0-L0,18,0.0
Product1,PP0-L0,19,0.0
Product1,PP0-L0,20,0.0
Product1,PP0-L0,21,0.0
Product1,PP0-L0,22,0.0
Product1,PP0-L0,23,0.0
Product1,PP0-L0,24,0.0
Product1,PP0-L0,25,0.0
Product1,PP0-L0,26,200.0
Product1,PP0-L0,27,0.0
Product1,PP0-L0,28,200.0
Product1,PP0-L0,29,200.0
Product1,PP0-L0,30,0.0
Product1,PP0-L0,31,0.0
Product1,PP0-L0,32,0.0
Product1,PP0-L0,33,200.0
Product1,PP0-L0,34,0.0
Product1,PP0-L0,35,0.0
Product1,PP0-L1,1,0.0
Product1,PP0-L1,2,0.0
Product1,PP0-L1,3,0.0
Product1,PP0-L1,4,0.0
Product1,PP0-L1,5,0.0
Product1,PP0-L1,6,0.0
Product1,PP0-L1,7,0.0
Product1,PP0-L1,8,0.0
Product1,PP0-L1,9,0.0
Product1,PP0-L1,10,0.0
Product1,PP0-L1,11,0.0
Product1,PP0-L1,12,0.0
Product1,PP0-L1,13,0.0
Product1,PP0-L1,14,0.0
Product1,PP0-L1,15,0.0
Product1,PP0-L1,16,0.0
Product1,PP0-L1,17,0.0
Product1,PP0-L1,18,0.0
Product1,PP0-L1,19,0.0
Product1,PP0-L1,20,0.0
Product1,PP0-L1,21,0.0
Product1,PP0-L1,22,0.0
Product1,PP0-L1,23,0.0
Product1,PP0-L1,24,0.0
Product1,PP0-L1,25,200.0
Product1,PP0-L1,26,0.0
Product1,PP0-L1,27,0.0
Product1,PP0-L1,28,0.0
Product1,PP0-L1,29,0.0
Product1,PP0-L1,30,0.0
Product1,PP0-L1,31,0.0
Product1,PP0-L1,32,40.0
Product1,PP0-L1,33,0.0
Product1,PP0-L1,34,0.0
Product1,PP0-L1,35,0.0
Product1,PP0-L2,1,0.0
Product1,PP0-L2,2,0.0
Product1,PP0-L2,3,0.0
Product1,PP0-L2,4,0.0
Product1,PP0-L2,5,0.0
Product1,PP0-L2,6,0.0
Product1,PP0-L2,7,0.0
Product1,PP0-L2,8,0.0
Product1,PP0-L2,9,0.0
Product1,PP0-L2,10,0.0
Product1,PP0-L2,11,0.0
Product1,PP0-L2,12,0.0
Product1,PP0-L2,13,0.0
Product1,PP0-L2,14,0.0
Product1,PP0-L2,15,0.0
Product1,PP0-L2,16,0.0
Product1,PP0-L2,17,0.0
Product1,PP0-L2,18,0.0
Product1,PP0-L2,19,0.0
Product1,PP0-L2,20,0.0
Product1,PP0-L2,21,0.0
Product1,PP0-L2,22,0.0
Product1,PP0-L2,23,0.0
Product1,PP0-L2,24,0.0
Product1,PP0-L2,25,0.0
Product1,PP0-L2,26,0.0
Product1,PP0-L2,27,0.0
Product1,PP0-L2,28,0.0
Product1,PP0-L2,29,0.0
Product1,PP0-L2,30,0.0
Product1,PP0-L2,31,0.0
Product1,PP0-L2,32,0.0
Product1,PP0-L2,33,0.0
Product1,PP0-L2,34,0.0
Product1,PP0-L2,35,0.0
Product1,PP0-L3,1,0.0
Product1,PP0-L3,2,0.0
Product1,PP0-L3,3,0.0
Product1,PP0-L3,4,0.0
Product1,PP0-L3,5,0.0
Product1,PP0-L3,6,0.0
Product1,PP0-L3,7,0.0
Product1,PP0-L3,8,0.0
Product1,PP0-L3,9,0.0
Product1,PP0-L3,10,0.0
Product1,PP0-L3,11,0.0
Product1,PP0-L3,12,0.0
Product1,PP0-L3,13,0.0
Product1,PP0-L3,14,0.0
Product1,PP0-L3,15,0.0
Product1,PP0-L3,16,0.0
Product1,PP0-L3,17,0.0
Product1,PP0-L3,18,0.0
Product1,PP0-L3,19,0.0
Product1,PP0-L3,20,0.0
Product1,PP0-L3,21,0.0
Product1,PP0-L3,22,0.0
Product1,PP0-L3,23,0.0
Product1,PP0-L3,24,0.0
Product1,PP0-L3,25,0.0
Product1,PP0-L3,26,0.0
Product1,PP0-L3,27,0.0
Product1,PP0-L3,28,0.0
Product1,PP0-L3,29,0.0
Product1,PP0-L3,30,160.0
Product1,PP0-L3,31,200.0
Product1,PP0-L3,32,160.0
Product1,PP0-L3,33,0.0
Product1,PP0-L3,34,0.0
Product1,PP0-L3,35,0.0
Product1,PP0-L4,1,0.0
Product1,PP0-L4,2,0.0
Product1,PP0-L4,3,0.0
Product1,PP0-L4,4,0.0
Product1,PP0-L4,5,0.0
Product1,PP0-L4,6,0.0
Product1,PP0-L4,7,0.0
Product1,PP0-L4,8,0.0
Product1,PP0-L4,9,0.0
Product1,PP0-L4,10,0.0
Product1,PP0-L4,11,0.0
Product1,PP0-L4,12,0.0
Product1,PP0-L4,13,0.0
Product1,PP0-L4,14,0.0
Product1,PP0-L4,15,0.0
Product1,PP0-L4,16,0.0
Product1,PP0-L4,17,0.0
Product1,PP0-L4,18,0.0
Product1,PP0-L4,19,0.0
Product1,PP0-L4,20,0.0
Product1,PP0-L4,21,0.0
Product1,PP0-L4,22,0.0
Product1,PP0-L4,23,0.0
Product1,PP0-L4,24,0.0
Product1,PP0-L4,25,0.0
Product1,PP0-L4,26,0.0
Product1,PP0-L4,27,0.0
Product1,PP0-L4,28,0.0
Product1,PP0-L4,29,0.0
Product1,PP0-L4,30,40.0
Product1,PP0-L4,31,0.0
Product1,PP0-L4,32,0.0
Product1,PP0-L4,33,0.0
Product1,PP0-L4,34,0.0
Product1,PP0-L4,35,200.0
Product1,PP1-L0,1,0.0
Product1,PP1-L0,2,0.0
Product1,PP1-L0,3,0.0
Product1,PP1-L0,4,0.0
Product1,PP1-L0,5,0.0
Product1,PP1-L0,6,0.0
Product1,PP1-L0,7,0.0
Product1,PP1-L0,8,0.0
Product1,PP1-L0,9,0.0
Product1,PP1-L0,10,0.0
Product1,PP1-L0,11,0.0
Product1,PP1-L0,12,0.0
Product1,PP1-L0,13,0.0
Product1,PP1-L0,14,0.0
Product1,PP1-L0,15,0.0
Product1,PP1-L0,16,0.0
Product1,PP1-L0,17,0.0
Product1,PP1-L0,18,0.0
Product1,PP1-L0,19,0.0
Product1,PP1-L0,20,0.0
Product1,PP1-L0,21,0.0
Product1,PP1-L0,22,0.0
Product1,PP1-L0,23,0.0
Product1,PP1-L0,24,0.0
Product1,PP1-L0,25,0.0
Product1,PP1-L0,26,0.0
Product1,PP1-L0,27,0.0
Product1,PP1-L0,28,0.0
Product1,PP1-L0,29,200.0
Product1,PP1-L0,30,200.0
Product1,PP1-L0,31,120.0
Product1,PP1-L0,32,0.0
Product1,PP1-L0,33,40.0
Product1,PP1-L0,34,0.0
Product1,PP1-L0,35,0.0
Product1,PP1-L1,1,0.0
Product1,PP1-L1,2,0.0
Product1,PP1-L1,3,0.0
Product1,PP1-L1,4,0.0
Product1,PP1-L1,5,0.0
Product1,PP1-L1,6,0.0
Product1,PP1-L1,7,0.0
Product1,PP1-L1,8,0.0
Product1,PP1-L1,9,0.0
Product1,PP1-L1,10,0.0
Product1,PP1-L1,11,0.0
Product1,PP1-L1,12,0.0
Product1,PP1-L1,13,0.0
Product1,PP1-L1,14,0.0
Product1,PP1-L1,15,0.0
Product1,PP1-L1,16,0.0
Product1,PP1-L1,17,0.0
Product1,PP1-L1,18,0.0
Product1,PP1-L1,19,0.0
Product1,PP1-L1,20,0.0
Product1,PP1-L1,21,0.0
Product1,PP1-L1,22,0.0
Product1,PP1-L1,23,0.0
Product1,PP1-L1,24,0.0
Product1,PP1-L1,25,0.0
Product1,PP1-L1,26,0.0
Product1,PP1-L1,27,0.0
Product1,PP1-L1,28,0.0
Product1,PP1-L1,29,0.0
Product1,PP1-L1,30,0.0
Product1,PP1-L1,31,0.0
Product1,PP1-L1,32,80.0
Product1,PP1-L1,33,0.0
Product1,PP1-L1,34,200.0
Product1,PP1-L1,35,0.0
Product1,PP1-L2,1,0.0
Product1,PP1-L2,2,0.0
Product1,PP1-L2,3,0.0
Product1,PP1-L2,4,0.0
Product1,PP1-L2,5,0.0
Product1,PP1-L2,6,0.0
Product1,PP1-L2,7,0.0
Product1,PP1-L2,8,0.0
Product1,PP1-L2,9,0.0
Product1,PP1-L2,10,0.0
Product1,PP1-L2,11,0.0
Product1,PP1-L2,12,0.0
Product1,PP1-L2,13,0.0
Product1,PP1-L2,14,0.0
Product1,PP1-L2,15,0.0
Product1,PP1-L2,16,0.0
Product1,PP1-L2,17,0.0
Product1,PP1-L2,18,0.0
Product1,PP1-L2,19,0.0
Product1,PP1-L2,20,0.0
Product1,PP1-L2,21,0.0
Product1,PP1-L2,22,0.0
Product1,PP1-L2,23,0.0
Product1,PP1-L2,24,0.0
Product1,PP1-L2,25,0.0
Product1,PP1-L2,26,0.0
Product1,PP1-L2,27,0.0
Product1,PP1-L2,28,0.0
Product1,PP1-L2,29,0.0
Product1,PP1-L2,30,0.0
Product1,PP1-L2,31,0.0
Product1,PP1-L2,32,120.0
Product1,PP1-L2,33,0.0
Product1,PP1-L2,34,0.0
Product1,PP1-L2,35,0.0
Product1,PP1-L3,1,0.0
Product1,PP1-L3,2,0.0
Product1,PP1-L3,3,0.0
Product1,PP1-L3,4,0.0
Product1,PP1-L3,5,0.0
Product1,PP1-L3,6,0.0
Product1,PP1-L3,7,0.0
Product1,PP1-L3,8,0.0
Product1,PP1-L3,9,0.0
Product1,PP1-L3,10,0.0
Product1,PP1-L3,11,0.0
Product1,PP1-L3,12,0.0
Product1,PP1-L3,13,0.0
Product1,PP1-L3,14,0.0
Product1,PP1-L3,15,0.0
Product1,PP1-L3,16,0.0
Product1,PP1-L3,17,0.0
Product1,PP1-L3,18,0.0
Product1,PP1-L3,19,0.0
Product1,PP1-L3,20,0.0
Product1,PP1-L3,21,0.0
Product1,PP1-L3,22,0.0
Product1,PP1-L3,23,0.0
Product1,PP1-L3,24,0.0
Product1,PP1-L3,25,0.0
Product1,PP1-L3,26,200.0
Product1,PP1-L3,27,0.0
Product1,PP1-L3,28,0.0
Product1,PP1-L3,29,0.0
Product1,PP1-L3,30,0.0
Product1,PP1-L3,31,0.0
Product1,PP1-L3,32,0.0
Product1,PP1-L3,33,0.0
Product1,PP1-L3,34,0.0
Product1,PP1-L3,35,0.0
Product1,PP1-L4,1,0.0
Product1,PP1-L4,2,0.0
Product1,PP1-L4,3,0.0
Product1,PP1-L4,4,0.0
Product1,PP1-L4,5,0.0
Product1,PP1-L4,6,0.0
Product1,PP1-L4,7,0.0
Product1,PP1-L4,8,0.0
Product1,PP1-L4,9,0.0
Product1,PP1-L4,10,0.0
Product1,PP1-L4,11,0.0
Product1,PP1-L4,12,0.0
Product1,PP1-L4,13,0.0
Product1,PP1-L4,14,0.0
Product1,PP1-L4,15,0.0
Product1,PP1-L4,16,0.0
Product1,PP1-L4,17,0.0
Product1,PP1-L4,18,0.0
Product1,PP1-L4,19,0.0
Product1,PP1-L4,20,0.0
Product1,PP1-L4,21,0.0
Product1,PP1-L4,22,0.0
Product1,PP1-L4,23,0.0
Product1,PP1-L4,24,0.0
Product1,PP1-L4,25,0.0
Product1,PP1-L4,26,0.0
Product1,PP1-L4,27,0.0
Product1,PP1-L4,28,0.0
Product1,PP1-L4,29,0.0
Product1,PP1-L4,30,0.0
Product1,PP1-L4,31,80.0
Product1,PP1-L4,32,0.0
Product1,PP1-L4,33,160.0
Product1,PP1-L4,34,0.0
Product1,PP1-L4,35,40.0
Product1,PP2-L0,1,0.0
Product1,PP2-L0,2,0.0
Product1,PP2-L0,3,0.0
Product1,PP2-L0,4,0.0
Product1,PP2-L0,5,0.0
Product1,PP2-L0,6,0.0
Product1,PP2-L0,7,0.0
Product1,PP2-L0,8,0.0
Product1,PP2-L0,9,0.0
Product1,PP2-L0,10,0.0
Product1,PP2-L0,11,0.0
Product1,PP2-L0,12,0.0
Product1,PP2-L0,13,0.0
Product1,PP2-L0,14,0.0
Product1,PP2-L0,15,0.0
Product1,PP2-L0,16,0.0
Product1,PP2-L0,17,0.0
Product1,PP2-L0,18,0.0
Product1,PP2-L0,19,0.0
Product1,PP2-L0,20,0.0
Product1,PP2-L0,21,0.0
Product1,PP2-L0,22,0.0
Product1,PP2-L0,23,0.0
Product1,PP2-L0,24,0.0
Product1,PP2-L0,25,0.0
Product1,PP2-L0,26,0.0
Product1,PP2-L0,27,0.0
Product1,PP2-L0,28,200.0
Product1,PP2-L0,29,0.0
Product1,PP2-L0,30,0.0
Product1,PP2-L0,31,0.0
Product1,PP2-L0,32,0.0
Product1,PP2-L0,33,0.0
Product1,PP2-L0,34,0.0
Product1,PP2-L0,35,0.0
Product1,PP2-L1,1,0.0
Product1,PP2-L1,2,0.0
Product1,PP2-L1,3,0.0
Product1,PP2-L1,4,0.0
Product1,PP2-L1,5,0.0
Product1,PP2-L1,6,0.0
Product1,PP2-L1,7,0.0
Product1,PP2-L1,8,0.0
Product1,PP2-L1,9,0.0
Product1,PP2-L1,10,0.0
Product1,PP2-L1,11,0.0
Product1,PP2-L1,12,0.0
Product1,PP2-L1,13,0.0
Product1,PP2-L1,14,0.0
Product1,PP2-L1,15,0.0
Product1,PP2-L1,16,0.0
Product1,PP2-L1,17,0.0
Product1,PP2-L1,18,0.0
Product1,PP2-L1,19,0.0
Product1,PP2-L1,20,0.0
Product1,PP2-L1,21,0.0
Product1,PP2-L1,22,0.0
Product1,PP2-L1,23,0.0
Product1,PP2-L1,24,0.0
Product1,PP2-L1,25,0.0
Product1,PP2-L1,26,160.0
Product1,PP2-L1,27,40.0
Product1,PP2-L1,28,0.0
Product1,PP2-L1,29,0.0
Product1,PP2-L1,30,0.0
Product1,PP2-L1,31,0.0
Product1,PP2-L1,32,0.0
Product1,PP2-L1,33,200.0
Product1,PP2-L1,34,0.0
Product1,PP2-L1,35,200.0
Product1,PP2-L2,1,0.0
Product1,PP2-L2,2,0.0
Product1,PP2-L2,3,0.0
Product1,PP2-L2,4,0.0
Product1,PP2-L2,5,0.0
Product1,PP2-L2,6,0.0
Product1,PP2-L2,7,0.0
Product1,PP2-L2,8,0.0
Product1,PP2-L2,9,0.0
Product1,PP2-L2,10,0.0
Product1,PP2-L2,11,0.0
Product1,PP2-L2,12,0.0
Product1,PP2-L2,13,0.0
Product1,PP2-L2,14,0.0
Product1,PP2-L2,15,0.0
Product1,PP2-L2,16,0.0
Product1,PP2-L2,17,0.0
Product1,PP2-L2,18,0.0
Product1,PP2-L2,19,0.0
Product1,PP2-L2,20,0.0
Product1,PP2-L2,21,0.0
Product1,PP2-L2,22,0.0
Product1,PP2-L2,23,0.0
Product1,PP2-L2,24,200.0
Product1,PP2-L2,25,0.0
Product1,PP2-L2,26,0.0
Product1,PP2-L2,27,0.0
Product1,PP2-L2,28,0.0
Product1,PP2-L2,29,0.0
Product1,PP2-L2,30,0.0
Product1,PP2-L2,31,200.0
Product1,PP2-L2,32,0.0
Product1,PP2-L2,33,0.0
Product1,PP2-L2,34,0.0
Product1,PP2-L2,35,0.0
Product1,PP2-L3,1,0.0
Product1,PP2-L3,2,0.0
Product1,PP2-L3,3,0.0
Product1,PP2-L3,4,0.0
Product1,PP2-L3,5,0.0
Product1,PP2-L3,6,0.0
Product1,PP2-L3,7,0.0
Product1,PP2-L3,8,0.0
Product1,PP2-L3,9,0.0
Product1,PP2-L3,10,0.0
Product1,PP2-L3,11,0.0
Product1,PP2-L3,12,0.0
Product1,PP2-L3,13,0.0
Product1,PP2-L3,14,0.0
Product1,PP2-L3,15,0.0
Product1,PP2-L3,16,0.0
Product1,PP2-L3,17,0.0
Product1,PP2-L3,18,0.0
Product1,PP2-L3,19,0.0
Product1,PP2-L3,20,0.0
Product1,PP2-L3,21,0.0
Product1,PP2-L3,22,0.0
Product1,PP2-L3,23,0.0
Product1,PP2-L3,24,0.0
Product1,PP2-L3,25,0.0
Product1,PP2-L3,26,40.0
Product1,PP2-L3,27,0.0
Product1,PP2-L3,28,0.0
Product1,PP2-L3,29,0.0
Product1,PP2-L3,30,0.0
Product1,PP2-L3,31,0.0
Product1,PP2-L3,32,80.0
Product1,PP2-L3,33,0.0
Product1,PP2-L3,34,0.0
Product1,PP2-L3,35,0.0
Product1,PP2-L4,1,0.0
Product1,PP2-L4,2,0.0
Product1,PP2-L4,3,0.0
Product1,PP2-L4,4,0.0
Product1,PP2-L4,5,0.0
Product1,PP2-L4,6,0.0
Product1,PP2-L4,7,0.0
Product1,PP2-L4,8,0.0
Product1,PP2-L4,9,0.0
Product1,PP2-L4,10,0.0
Product1,PP2-L4,11,0.0
Product1,PP2-L4,12,0.0
Product1,PP2-L4,13,0.0
Product1,PP2-L4,14,0.0
Product1,PP2-L4,15,0.0
Product1,PP2-L4,16,0.0
Product1,PP2-L4,17,0.0
Product1,PP2-L4,18,0.0
Product1,PP2-L4,19,0.0
Product1,PP2-L4,20,0.0
Product1,PP2-L4,21,0.0
Product1,PP2-L4,22,0.0
Product1,PP2-L4,23,0.0
Product1,PP2-L4,24,0.0
Product1,PP2-L4,25,0.0
Product1,PP2-L4,26,0.0
Product1,PP2-L4,27,0.0
Product1,PP2-L4,28,0.0
Product1,PP2-L4,29,0.0
Product1,PP2-L4,30,0.0
Product1,PP2-L4,31,0.0
Product1,PP2-L4,32,0.0
Product1,PP2-L4,33,0.0
Product1,PP2-L4,34,0.0
Product1,PP2-L4,35,0.0
Product1,PP3-L0,1,0.0
Product1,PP3-L0,2,0.0
Product1,PP3-L0,3,0.0
Product1,PP3-L0,4,0.0
Product1,PP3-L0,5,0.0
Product1,PP3-L0,6,0.0
Product1,PP3-L0,7,0.0
Product1,PP3-L0,8,0.0
Product1,PP3-L0,9,0.0
Product1,PP3-L0,10,0.0
Product1,PP3-L0,11,0.0
Product1,PP3-L0,12,0.0
Product1,PP3-L0,13,0.0
Product1,PP3-L0,14,0.0
Product1,PP3-L0,15,0.0
Product1,PP3-L0,16,0.0
Product1,PP3-L0,17,0.0
Product1,PP3-L0,18,0.0
Product1,PP3-L0,19,0.0
Product1,PP3-L0,20,0.0
Product1,PP3-L0,21,0.0
Product1,PP3-L0,22,0.0
Product1,PP3-L0,23,0.0
Product1,PP3-L0,24,0.0
Product1,PP3-L0,25,0.0
Product1,PP3-L0,26,200.0
Product1,PP3-L0,27,40.0
Product1,PP3-L0,28,0.0
Product1,PP3-L0,29,40.0
Product1,PP3-L0,30,200.0
Product1,PP3-L0,31,0.0
Product1,PP3-L0,32,200.0
Product1,PP3-L0,33,0.0
Product1,PP3-L0,34,200.0
Product1,PP3-L0,35,0.0
Product1,PP3-L1,1,0.0
Product1,PP3-L1,2,0.0
Product1,PP3-L1,3,0.0
Product1,PP3-L1,4,0.0
Product1,PP3-L1,5,0.0
Product1,PP3-L1,6,0.0
Product1,PP3-L1,7,0.0
Product1,PP3-L1,8,0.0
Product1,PP3-L1,9,0.0
Product1,PP3-L1,10,0.0
Product1,PP3-L1,11,0.0
Product1,PP3-L1,12,0.0
Product1,PP3-L1,13,0.0
Product1,PP3-L1,14,0.0
Product1,PP3-L1,15,0.0
Product1,PP3-L1,16,0.0
Product1,PP3-L1,17,0.0
Product1,PP3-L1,18,0.0
Product1,PP3-L1,19,0.0
Product1,PP3-L1,20,0.0
Product1,PP3-L1,21,0.0
Product1,PP3-L1,22,0.0
Product1,PP3-L1,23,0.0
Product1,PP3-L1,24,0.0
Product1,PP3-L1,25,0.0
Product1,PP3-L1,26,0.0
Product1,PP3-L1,27,0.0
Product1,PP3-L1,28,0.0
Product1,PP3-L1,29,0.0
Product1,PP3-L1,30,0.0
Product1,PP3-L1,31,0.0
Product1,PP3-L1,32,0.0
Product1,PP3-L1,33,40.0
Product1,PP3-L1,34,0.0
Product1,PP3-L1,35,0.0
Product1,PP3-L2,1,0.0
Product1,PP3-L2,2,0.0
Product1,PP3-L2,3,0.0
Product1,PP3-L2,4,0.0
Product1,PP3-L2,5,0.0
Product1,PP3-L2,6,0.0
Product1,PP3-L2,7,0.0
Product1,PP3-L2,8,0.0
Product1,PP3-L2,9,0.0
Product1,PP3-L2,10,0.0
Product1,PP3-L2,11,0.0
Product1,PP3-L2,12,0.0
Product1,PP3-L2,13,0.0
Product1,PP3-L2,14,0.0
Product1,PP3-L2,15,0.0
Product1,PP3-L2,16,0.0
Product1,PP3-L2,17,0.0
Product1,PP3-L2,18,0.0
Product1,PP3-L2,19,0.0
Product1,PP3-L2,20,0.0
Product1,PP3-L2,21,0.0
Product1,PP3-L2,22,0.0
Product1,PP3-L2,23,0.0
Product1,PP3-L2,24,120.0
Product1,PP3-L2,25,0.0
Product1,PP3-L2,26,0.0
Product1,PP3-L2,27,0.0
Product1,PP3-L2,28,0.0
Product1,PP3-L2,29,0.0
Product1,PP3-L2,30,0.0
Product1,PP3-L2,31,0.0
Product1,PP3-L2,32,0.0
Product1,PP3-L2,33,0.0
Product1,PP3-L2,34,0.0
Product1,PP3-L2,35,40.0
Product1,PP3-L3,1,0.0
Product1,PP3-L3,2,0.0
Product1,PP3-L3,3,0.0
Product1,PP3-L3,4,0.0
Product1,PP3-L3,5,0.0
Product1,PP3-L3,6,0.0
Product1,PP3-L3,7,0.0
Product1,PP3-L3,8,0.0
Product1,PP3-L3,9,0.0
Product1,PP3-L3,10,0.0
Product1,PP3-L3,11,0.0
Product1,PP3-L3,12,0.0
Product1,PP3-L3,13,0.0
Product1,PP3-L3,14,0.0
Product1,PP3-L3,15,0.0
Product1,PP3-L3,16,0.0
Product1,PP3-L3,17,0.0
Product1,PP3-L3,18,0.0
Product1,PP3-L3,19,0.0
Product1,PP3-L3,20,0.0
Product1,PP3-L3,21,0.0
Product1,PP3-L3,22,0.0
Product1,PP3-L3,23,0.0
Product1,PP3-L3,24,0.0
Product1,PP3-L3,25,0.0
Product1,PP3-L3,26,0.0
Product1,PP3-L3,27,0.0
Product1,PP3-L3,28,0.0
Product1,PP3-L3,29,160.0
Product1,PP3-L3,30,0.0
Product1,PP3-L3,31,0.0
Product1,PP3-L3,32,0.0
Product1,PP3-L3,33,0.0
Product1,PP3-L3,34,0.0
Product1,PP3-L3,35,0.0
Product1,PP3-L4,1,0.0
Product1,PP3-L4,2,0.0
Product1,PP3-L4,3,0.0
Product1,PP3-L4,4,0.0
Product1,PP3-L4,5,0.0
Product1,PP3-L4,6,0.0
Product1,PP3-L4,7,0.0
Product1,PP3-L4,8,0.0
Product1,PP3-L4,9,0.0
Product1,PP3-L4,10,0.0
Product1,PP3-L4,11,0.0
Product1,PP3-L4,12,0.0
Product1,PP3-L4,13,0.0
Product1,PP3-L4,14,0.0
Product1,PP3-L4,15,0.0
Product1,PP3-L4,16,0.0
Product1,PP3-L4,17,0.0
Product1,PP3-L4,18,0.0
Product1,PP3-L4,19,0.0
Product1,PP3-L4,20,0.0
Product1,PP3-L4,21,0.0
Product1,PP3-L4,22,0.0
Product1,PP3-L4,23,0.0
Product1,PP3-L4,24,0.0
Product1,PP3-L4,25,0.0
Product1,PP3-L4,26,0.0
Product1,PP3-L4,27,0.0
Product1,PP3-L4,28,0.0
Product1,PP3-L4,29,0.0
Product1,PP3-L4,30,0.0
Product1,PP3-L4,31,0.0
Product1,PP3-L4,32,0.0
Product1,PP3-L4,33,0.0
Product1,PP3-L4,34,0.0
Product1,PP3-L4,35,0.0
Product1,PP4-L0,1,0.0
Product1,PP4-L0,2,0.0
Product1,PP4-L0,3,0.0
Product1,PP4-L0,4,0.0
Product1,PP4-L0,5,0.0
Product1,PP4-L0,6,0.0
Product1,PP4-L0,7,0.0
Product1,PP4-L0,8,0.0
Product1,PP4-L0,9,0.0
Product1,PP4-L0,10,0.0
Product1,PP4-L0,11,0.0
Product1,PP4-L0,12,0.0
Product1,PP4-L0,13,0.0
Product1,PP4-L0,14,0.0
Product1,PP4-L0,15,0.0
Product1,PP4-L0,16,0.0
Product1,PP4-L0,17,0.0
Product1,PP4-L0,18,0.0
Product1,PP4-L0,19,0.0
Product1,PP4-L0,20,0.0
Product1,PP4-L0,21,0.0
Product1,PP4-L0,22,0.0
Product1,PP4-L0,23,0.0
Product1,PP4-L0,24,0.0
Product1,PP4-L0,25,0.0
Product1,PP4-L0,26,0.0
Product1,PP4-L0,27,0.0
Product1,PP4-L0,28,0.0
Product1,PP4-L0,29,200.0
Product1,PP4-L0,30,0.0
Product1,PP4-L0,31,0.0
Product1,PP4-L0,32,0.0
Product1,PP4-L0,33,0.0
Product1,PP4-L0,34,0.0
Product1,PP4-L0,35,0.0
Product1,PP4-L1,1,0.0
Product1,PP4-L1,2,0.0
Product1,PP4-L1,3,0.0
Product1,PP4-L1,4,0.0
Product1,PP4-L1,5,0.0
Product1,PP4-L1,6,0.0
Product1,PP4-L1,7,0.0
Product1,PP4-L1,8,0.0
Product1,PP4-L1,9,0.0
Product1,PP4-L1,10,0.0
Product1,PP4-L1,11,0.0
Product1,PP4-L1,12,0.0
Product1,PP4-L1,13,0.0
Product1,PP4-L1,14,0.0
Product1,PP4-L1,15,0.0
Product1,PP4-L1,16,0.0
Product1,PP4-L1,17,0.0
Product1,PP4-L1,18,0.0
Product1,PP4-L1,19,0.0
Product1,PP4-L1,20,0.0
Product1,PP4-L1,21,0.0
Product1,PP4-L1,22,0.0
Product1,PP4-L1,23,0.0
Product1,PP4-L1,24,0.0
Product1,PP4-L1,25,0.0
Product1,PP4-L1,26,0.0
Product1,PP4-L1,27,0.0
Product1,PP4-L1,28,40.0
Product1,PP4-L1,29,0.0
Product1,PP4-L1,30,0.0
Product1,PP4-L1,31,0.0
Product1,PP4-L1,32,0.0
Product1,PP4-L1,33,0.0
Product1,PP4-L1,34,40.0
Product1,PP4-L1,35,0.0
Product1,PP4-L2,1,0.0
Product1,PP4-L2,2,0.0
Product1,PP4-L2,3,0.0
Product1,PP4-L2,4,0.0
Product1,PP4-L2,5,0.0
Product1,PP4-L2,6,0.0
Product1,PP4-L2,7,0.0
Product1,PP4-L2,8,0.0
Product1,PP4-L2,9,0.0
Product1,PP4-L2,10,0.0
Product1,PP4-L2,11,0.0
Product1,PP4-L2,12,0.0
Product1,PP4-L2,13,0.0
Product1,PP4-L2,14,0.0
Product1,PP4-L2,15,0.0
Product1,PP4-L2,16,0.0
Product1,PP4-L2,17,0.0
Product1,PP4-L2,18,0.0
Product1,PP4-L2,19,0.0
Product1,PP4-L2,20,0.0
Product1,PP4-L2,21,0.0
Product1,PP4-L2,22,0.0
Product1,PP4-L2,23,0.0
Product1,PP4-L2,24,0.0
Product1,PP4-L2,25,0.0
Product1,PP4-L2,26,0.0
Product1,PP4-L2,27,0.0
Product1,PP4-L2,28,0.0
Product1,PP4-L2,29,0.0
Product1,PP4-L2,30,0.0
Product1,PP4-L2,31,0.0
Product1,PP4-L2,32,0.0
Product1,PP4-L2,33,0.0
Product1,PP4-L2,34,160.0
Product1,PP4-L2,35,0.0
Product1,PP4-L3,1,0.0
Product1,PP4-L3,2,0.0
Product1,PP4-L3,3,0.0
Product1,PP4-L3,4,0.0
Product1,PP4-L3,5,0.0
Product1,PP4-L3,6,0.0
Product1,PP4-L3,7,0.0
Product1,PP4-L3,8,0.0
Product1,PP4-L3,9,0.0
Product1,PP4-L3,10,0.0
Product1,PP4-L3,11,0.0
Product1,PP4-L3,12,0.0
Product1,PP4-L3,13,0.0
Product1,PP4-L3,14,0.0
Product1,PP4-L3,15,0.0
Product1,PP4-L3,16,0.0
Product1,PP4-L3,17,0.0
Product1,PP4-L3,18,0.0
Product1,PP4-L3,19,0.0
Product1,PP4-L3,20,0.0
Product1,PP4-L3,21,0.0
Product1,PP4-L3,22,0.0
Product1,PP4-L3,23,0.0
Product1,PP4-L3,24,0.0
Product1,PP4-L3,25,0.0
Product1,PP4-L3,26,0.0
Product1,PP4-L3,27,0.0
Product1,PP4-L3,28,40.0
Product1,PP4-L3,29,0.0
Product1,PP4-L3,30,200.0
Product1,PP4-L3,31,40.0
Product1,PP4-L3,32,0.0
Product1,PP4-L3,33,200.0
Product1,PP4-L3,34,0.0
Product1,PP4-L3,35,0.0
Product1,PP4-L4,1,0.0
Product1,PP4-L4,2,0.0
Product1,PP4-L4,3,0.0
Product1,PP4-L4,4,0.0
Product1,PP4-L4,5,0.0
Product1,PP4-L4,6,0.0
Product1,PP4-L4,7,0.0
Product1,PP4-L4,8,0.0
Product1,PP4-L4,9,0.0
Product1,PP4-L4,10,0.0
Product1,PP4-L4,11,0.0
Product1,PP4-L4,12,0.0
Product1,PP4-L4,13,0.0
Product1,PP4-L4,14,0.0
Product1,PP4-L4,15,0.0
Product1,PP4-L4,16,0.0
Product1,PP4-L4,17,0.0
Product1,PP4-L4,18,0.0
Product1,PP4-L4,19,0.0
Product1,PP4-L4,20,0.0
Product1,PP4-L4,21,0.0
Product1,PP4-L4,22,0.0
Product1,PP4-L4,23,0.0
Product1,PP4-L4,24,200.0
Product1,PP4-L4,25,40.0
Product1,PP4-L4,26,200.0
Product1,PP4-L4,27,200.0
Product1,PP4-L4,28,120.0
Product1,PP4-L4,29,0.0
Product1,PP4-L4,30,0.0
Product1,PP4-L4,31,0.0
Product1,PP4-L4,32,200.0
Product1,PP4-L4,33,0.0
Product1,PP4-L4,34,0.0
Product1,PP4-L4,35,0.0
Product2,PP0-L0,1,0.0
Product2,PP0-L0,2,0.0
Product2,PP0-L0,3,0.0
Product2,PP0-L0,4,0.0
Product2,PP0-L0,5,0.0
Product2,PP0-L0,6,0.0
Product2,PP0-L0,7,0.0
Product2,PP0-L0,8,0.0
Product2,PP0-L0,9,0.0
Product2,PP0-L0,10,0.0
Product2,PP0-L0,11,0.0
Product2,PP0-L0,12,0.0
Product2,PP0-L0,13,0.0
Product2,PP0-L0,14,0.0
Product2,PP0-L0,15,0.0
Product2,PP0-L0,16,0.0
Product2,PP0-L0,17,0.0
Product2,PP0-L0,18,0.0
Product2,PP0-L0,19,0.0
Product2,PP0-L0,20,0.0
Product2,PP0-L0,21,0.0
Product2,PP0-L0,22,0.0
Product2,PP0-L0,23,0.0
Product2,PP0-L0,24,40.0
Product2,PP0-L0,25,0.0
Product2,PP0-L0,26,0.0
Product2,PP0-L0,27,200.0
Product2,PP0-L0,28,0.0
Product2,PP0-L0,29,0.0
Product2,PP0-L0,30,0.0
Product2,PP0-L0,31,0.0
Product2,PP0-L0,32,0.0
Product2,PP0-L0,33,0.0
Product2,PP0-L0,34,0.0
Product2,PP0-L0,35,0.0
Product2,PP0-L1,1,0.0
Product2,PP0-L1,2,0.0
Product2,PP0-L1,3,0.0
Product2,PP0-L1,4,0.0
Product2,PP0-L1,5,0.0
Product2,PP0-L1,6,0.0
Product2,PP0-L1,7,0.0
Product2,PP0-L1,8,0.0
Product2,PP0-L1,9,0.0
Product2,PP0-L1,10,0.0
Product2,PP0-L1,11,0.0
Product2,PP0-L1,12,0.0
Product2,PP0-L1,13,0.0
Product2,PP0-L1,14,0.0
Product2,PP0-L1,15,0.0
Product2,PP0-L1,16,0.0
Product2,PP0-L1,17,0.0
Product2,PP0-L1,18,0.0
Product2,PP0-L1,19,0.0
Product2,PP0-L1,20,0.0
Product2,PP0-L1,21,0.0
Product2,PP0-L1,22,0.0
Product2,PP0-L1,23,0.0
Product2,PP0-L1,24,120.0
Product2,PP0-L1,25,0.0
Product2,PP0-L1,26,0.0
Product2,PP0-L1,27,0.0
Product2,PP0-L1,28,0.0
Product2,PP0-L1,29,0.0
Product2,PP0-L1,30,200.0
Product2,PP0-L1,31,0.0
Product2,PP0-L1,32,200.0
Product2,PP0-L1,33,0.0
Product2,PP0-L1,34,0.0
Product2,PP0-L1,35,0.0
Product2,PP0-L2,1,0.0
Product2,PP0-L2,2,0.0
Product2,PP0-L2,3,0.0
Product2,PP0-L2,4,0.0
Product2,PP0-L2,5,0.0
Product2,PP0-L2,6,0.0
Product2,PP0-L2,7,0.0
Product2,PP0-L2,8,0.0
Product2,PP0-L2,9,0.0
Product2,PP0-L2,10,0.0
Product2,PP0-L2,11,0.0
Product2,PP0-L2,12,0.0
Product2,PP0-L2,13,0.0
Product2,PP0-L2,14,0.0
Product2,PP0-L2,15,0.0
Product2,PP0-L2,16,0.0
Product2,PP0-L2,17,0.0
Product2,PP0-L2,18,0.0
Product2,PP0-L2,19,0.0
Product2,PP0-L2,20,0.0
Product2,PP0-L2,21,0.0
Product2,PP0-L2,22,0.0
Product2,PP0-L2,23,0.0
Product2,PP0-L2,24,0.0
Product2,PP0-L2,25,0.0
Product2,PP0-L2,26,0.0
Product2,PP0-L2,27,0.0
Product2,PP0-L2,28,0.0
Product2,PP0-L2,29,0.0
Product2,PP0-L2,30,0.0
Product2,PP0-L2,31,200.0
Product2,PP0-L2,32,0.0
Product2,PP0-L2,33,0.0
Product2,PP0-L2,34,0.0
Product2,PP0-L2,35,0.0
Product2,PP0-L3,1,0.0
Product2,PP0-L3,2,0.0
Product2,PP0-L3,3,0.0
Product2,PP0-L3,4,0.0
Product2,PP0-L3,5,0.0
Product2,PP0-L3,6,0.0
Product2,PP0-L3,7,0.0
Product2,PP0-L3,8,0.0
Product2,PP0-L3,9,0.0
Product2,PP0-L3,10,0.0
Product2,PP0-L3,11,0.0
Product2,PP0-L3,12,0.0
Product2,PP0-L3,13,0.0
Product2,PP0-L3,14,0.0
Product2,PP0-L3,15,0.0
Product2,PP0-L3,16,0.0
Product2,PP0-L3,17,0.0
Product2,PP0-L3,18,0.0
Product2,PP0-L3,19,0.0
Product2,PP0-L3,20,0.0
Product2,PP0-L3,21,0.0
Product2,PP0-L3,22,0.0
Product2,PP0-L3,23,0.0
Product2,PP0-L3,24,0.0
Product2,PP0-L3,25,0.0
Product2,PP0-L3,26,200.0
Product2,PP0-L3,27,0.0
Product2,PP0-L3,28,0.0
Product2,PP0-L3,29,0.0
Product2,PP0-L3,30,0.0
Product2,PP0-L3,31,0.0
Product2,PP0-L3,32,0.0
Product2,PP0-L3,33,200.0
Product2,PP0-L3,34,0.0
Product2,PP0-L3,35,0.0
Product2,PP0-L4,1,0.0
Product2,PP0-L4,2,0.0
Product2,PP0-L4,3,0.0
Product2,PP0-L4,4,0.0
Product2,PP0-L4,5,0.0
Product2,PP0-L4,6,0.0
Product2,PP0-L4,7,0.0
Product2,PP0-L4,8,0.0
Product2,PP0-L4,9,0.0
Product2,PP0-L4,10,0.0
Product2,PP0-L4,11,0.0
Product2,PP0-L4,12,0.0
Product2,PP0-L4,13,0.0
Product2,PP0-L4,14,0.0
Product2,PP0-L4,15,0.0
Product2,PP0-L4,16,0.0
Product2,PP0-L4,17,0.0
Product2,PP0-L4,18,0.0
Product2,PP0-L4,19,0.0
Product2,PP0-L4,20,0.0
Product2,PP0-L4,21,0.0
Product2,PP0-L4,22,0.0
Product2,PP0-L4,23,0.0
Product2,PP0-L4,24,0.0
Product2,PP0-L4,25,200.0
Product2,PP0-L4,26,0.0
Product2,PP0-L4,27,0.0
Product2,PP0-L4,28,0.0
Product2,PP0-L4,29,0.0
Product2,PP0-L4,30,0.0
Product2,PP0-L4,31,0.0
Product2,PP0-L4,32,0.0
Product2,PP0-L4,33,0.0
Product2,PP0-L4,34,200.0
Product2,PP0-L4,35,0.0
Product2,PP1-L0,1,0.0
Product2,PP1-L0,2,0.0
Product2,PP1-L0,3,0.0
Product2,PP1-L0,4,0.0
Product2,PP1-L0,5,0.0
Product2,PP1-L0,6,0.0
Product2,PP1-L0,7,0.0
Product2,PP1-L0,8,0.0
Product2,PP1-L0,9,0.0
Product2,PP1-L0,10,0.0
Product2,PP1-L0,11,0.0
Product2,PP1-L0,12,0.0
Product2,PP1-L0,13,0.0
Product2,PP1-L0,14,0.0
Product2,PP1-L0,15,0.0
Product2,PP1-L0,16,0.0
Product2,PP1-L0,17,0.0
Product2,PP1-L0,18,0.0
Product2,PP1-L0,19,0.0
Product2,PP1-L0,20,0.0
Product2,PP1-L0,21,0.0
Product2,PP1-L0,22,0.0
Product2,PP1-L0,23,0.0
Product2,PP1-L0,24,40.0
Product2,PP1-L0,25,0.0
Product2,PP1-L0,26,0.0
Product2,PP1-L0,27,0.0
Product2,PP1-L0,28,0.0
Product2,PP1-L0,29,0.0
Product2,PP1-L0,30,0.0
Product2,PP1-L0,31,0.0
Product2,PP1-L0,32,40.0
Product2,PP1-L0,33,0.0
Product2,PP1-L0,34,0.0
Product2,PP1-L0,35,0.0
Product2,PP1-L1,1,0.0
Product2,PP1-L1,2,0.0
Product2,PP1-L1,3,0.0
Product2,PP1-L1,4,0.0
Product2,PP1-L1,5,0.0
Product2,PP1-L1,6,0.0
Product2,PP1-L1,7,0.0
Product2,PP1-L1,8,0.0
Product2,PP1-L1,9,0.0
Product2,PP1-L1,10,0.0
Product2,PP1-L1,11,0.0
Product2,PP1-L1,12,0.0
Product2,PP1-L1,13,0.0
Product2,PP1-L1,14,0.0
Product2,PP1-L1,15,0.0
Product2,PP1-L1,16,0.0
Product2,PP1-L1,17,0.0
Product2,PP1-L1,18,0.0
Product2,PP1-L1,19,0.0
Product2,PP1-L1,20,0.0
Product2,PP1-L1,21,0.0
Product2,PP1-L1,22,0.0
Product2,PP1-L1,23,0.0
Product2,PP1-L1,24,40.0
Product2,PP1-L1,25,0.0
Product2,PP1-L1,26,0.0
Product2,PP1-L1,27,200.0
Product2,PP1-L1,28,0.0
Product2,PP1-L1,29,0.0
Product2,PP1-L1,30,0.0
Product2,PP1-L1,31,40.0
Product2,PP1-L1,32,0.0
Product2,PP1-L1,33,0.0
Product2,PP1-L1,34,0.0
Product2,PP1-L1,35,0.0
Product2,PP1-L2,1,0.0
Product2,PP1-L2,2,0.0
Product2,PP1-L2,3,0.0
Product2,PP1-L2,4,0.0
Product2,PP1-L2,5,0.0
Product2,PP1-L2,6,0.0
Product2,PP1-L2,7,0.0
Product2,PP1-L2,8,0.0
Product2,PP1-L2,9,0.0
Product2,PP1-L2,10,0.0
Product2,PP1-L2,11,0.0
Product2,PP1-L2,12,0.0
Product2,PP1-L2,13,0.0
Product2,PP1-L2,14,0.0
Product2,PP1-L2,15,0.0
Product2,PP1-L2,16,0.0
Product2,PP1-L2,17,0.0
Product2,PP1-L2,18,0.0
Product2,PP1-L2,19,0.0
Product2,PP1-L2,20,0.0
Product2,PP1-L2,21,0.0
Product2,PP1-L2,22,0.0
Product2,PP1-L2,23,0.0
Product2,PP1-L2,24,80.0
Product2,PP1-L2,25,200.0
Product2,PP1-L2,26,0.0
Product2,PP1-L2,27,0.0
Product2,PP1-L2,28,0.0
Product2,PP1-L2,29,0.0
Product2,PP1-L2,30,0.0
Product2,PP1-L2,31,0.0
Product2,PP1-L2,32,0.0
Product2,PP1-L2,33,0.0
Product2,PP1-L2,34,0.0
Product2,PP1-L2,35,0.0
Product2,PP1-L3,1,0.0
Product2,PP1-L3,2,0.0
Product2,PP1-L3,3,0.0
Product2,PP1-L3,4,0.0
Product2,PP1-L3,5,0.0
Product2,PP1-L3,6,0.0
Product2,PP1-L3,7,0.0
Product2,PP1-L3,8,0.0
Product2,PP1-L3,9,0.0
Product2,PP1-L3,10,0.0
Product2,PP1-L3,11,0.0
Product2,PP1-L3,12,0.0
Product2,PP1-L3,13,0.0
Product2,PP1-L3,14,0.0
Product2,PP1-L3,15,0.0
Product2,PP1-L3,16,0.0
Product2,PP1-L3,17,0.0
Product2,PP1-L3,18,0.0
Product2,PP1-L3,19,0.0
Product2,PP1-L3,20,0.0
Product2,PP1-L3,21,0.0
Product2,PP1-L3,22,0.0
Product2,PP1-L3,23,0.0
Product2,PP1-L3,24,0.0
Product2,PP1-L3,25,0.0
Product2,PP1-L3,26,0.0
Product2,PP1-L3,27,0.0
Product2,PP1-L3,28,160.0
Product2,PP1-L3,29,0.0
Product2,PP1-L3,30,0.0
Product2,PP1-L3,31,0.0
Product2,PP1-L3,32,160.0
Product2,PP1-L3,33,40.0
Product2,PP1-L3,34,200.0
Product2,PP1-L3,35,0.0
Product2,PP1-L4,1,0.0
Product2,PP1-L4,2,0.0
Product2,PP1-L4,3,0.0
Product2,PP1-L4,4,0.0
Product2,PP1-L4,5,0.0
Product2,PP1-L4,6,0.0
Product2,PP1-L4,7,0.0
Product2,PP1-L4,8,0.0
Product2,PP1-L4,9,0.0
Product2,PP1-L4,10,0.0
Product2,PP1-L4,11,0.0
Product2,PP1-L4,12,0.0
Product2,PP1-L4,13,0.0
Product2,PP1-L4,14,0.0
Product2,PP1-L4,15,0.0
Product2,PP1-L4,16,0.0
Product2,PP1-L4,17,0.0
Product2,PP1-L4,18,0.0
Product2,PP1-L4,19,0.0
Product2,PP1-L4,20,0.0
Product2,PP1-L4,21,0.0
Product2,PP1-L4,22,0.0
Product2,PP1-L4,23,0.0
Product2,PP1-L4,24,40.0
Product2,PP1-L4,25,0.0
Product2,PP1-L4,26,0.0
Product2,PP1-L4,27,0.0
Product2,PP1-L4,28,40.0
Product2,PP1-L4,29,0.0
Product2,PP1-L4,30,0.0
Product2,PP1-L4,31,160.0
Product2,PP1-L4,32,0.0
Product2,PP1-L4,33,0.0
Product2,PP1-L4,34,0.0
Product2,PP1-L4,35,0.0
Product2,PP2-L0,1,0.0
Product2,PP2-L0,2,0.0
Product2,PP2-L0,3,0.0
Product2,PP2-L0,4,0.0
Product2,PP2-L0,5,0.0
Product2,PP2-L0,6,0.0
Product2,PP2-L0,7,0.0
Product2,PP2-L0,8,0.0
Product2,PP2-L0,9,0.0
Product2,PP2-L0,10,0.0
Product2,PP2-L0,11,0.0
Product2,PP2-L0,12,0.0
Product2,PP2-L0,13,0.0
Product2,PP2-L0,14,0.0
Product2,PP2-L0,15,0.0
Product2,PP2-L0,16,0.0
Product2,PP2-L0,17,0.0
Product2,PP2-L0,18,0.0
Product2,PP2-L0,19,0.0
Product2,PP2-L0,20,0.0
Product2,PP2-L0,21,0.0
Product2,PP2-L0,22,0.0
Product2,PP2-L0,23,0.0
Product2,PP2-L0,24,0.0
Product2,PP2-L0,25,0.0
Product2,PP2-L0,26,0.0
Product2,PP2-L0,27,0.0
Product2,PP2-L0,28,0.0
Product2,PP2-L0,29,0.0
Product2,PP2-L0,30,0.0
Product2,PP2-L0,31,0.0
Product2,PP2-L0,32,0.0
Product2,PP2-L0,33,0.0
Product2,PP2-L0,34,0.0
Product2,PP2-L0,35,0.0
Product2,PP2-L1,1,0.0
Product2,PP2-L1,2,0.0
Product2,PP2-L1,3,0.0
Product2,PP2-L1,4,0.0
Product2,PP2-L1,5,0.0
Product2,PP2-L1,6,0.0
Product2,PP2-L1,7,0.0
Product2,PP2-L1,8,0.0
Product2,PP2-L1,9,0.0
Product2,PP2-L1,10,0.0
Product2,PP2-L1,11,0.0
Product2,PP2-L1,12,0.0
Product2,PP2-L1,13,0.0
Product2,PP2-L1,14,0.0
Product2,PP2-L1,15,0.0
Product2,PP2-L1,16,0.0
Product2,PP2-L1,17,0.0
Product2,PP2-L1,18,0.0
Product2,PP2-L1,19,0.0
Product2,PP2-L1,20,0.0
Product2,PP2-L1,21,0.0
Product2,PP2-L1,22,0.0
Product2,PP2-L1,23,0.0
Product2,PP2-L1,24,0.0
Product2,PP2-L1,25,0.0
Product2,PP2-L1,26,80.0
Product2,PP2-L1,27,0.0
Product2,PP2-L1,28,0.0
Product2,PP2-L1,29,0.0
Product2,PP2-L1,30,0.0
Product2,PP2-L1,31,160.0
Product2,PP2-L1,32,0.0
Product2,PP2-L1,33,0.0
Product2,PP2-L1,34,0.0
Product2,PP2-L1,35,40.0
Product2,PP2-L2,1,0.0
Product2,PP2-L2,2,0.0
Product2,PP2-L2,3,0.0
Product2,PP2-L2,4,0.0
Product2,PP2-L2,5,0.0
Product2,PP2-L2,6,0.0
Product2,PP2-L2,7,0.0
Product2,PP2-L2,8,0.0
Product2,PP2-L2,9,0.0
Product2,PP2-L2,10,0.0
Product2,PP2-L2,11,0.0
Product2,PP2-L2,12,0.0
Product2,PP2-L2,13,0.0
Product2,PP2-L2,14,0.0
Product2,PP2-L2,15,0.0
Product2,PP2-L2,16,0.0
Product2,PP2-L2,17,0.0
Product2,PP2-L2,18,0.0
Product2,PP2-L2,19,0.0
Product2,PP2-L2,20,0.0
Product2,PP2-L2,21,0.0
Product2,PP2-L2,22,0.0
Product2,PP2-L2,23,0.0
Product2,PP2-L2,24,40.0
Product2,PP2-L2,25,0.0
Product2,PP2-L2,26,0.0
Product2,PP2-L2,27,0.0
Product2,PP2-L2,28,0.0
Product2,PP2-L2,29,0.0
Product2,PP2-L2,30,160.0
Product2,PP2-L2,31,40.0
Product2,PP2-L2,32,0.0
Product2,PP2-L2,33,200.0
Product2,PP2-L2,34,0.0
Product2,PP2-L2,35,0.0
Product2,PP2-L3,1,0.0
Product2,PP2-L3,2,0.0
Product2,PP2-L3,3,0.0
Product2,PP2-L3,4,0.0
Product2,PP2-L3,5,0.0
Product2,PP2-L3,6,0.0
Product2,PP2-L3,7,0.0
Product2,PP2-L3,8,0.0
Product2,PP2-L3,9,0.0
Product2,PP2-L3,10,0.0
Product2,PP2-L3,11,0.0
Product2,PP2-L3,12,0.0
Product2,PP2-L3,13,0.0
Product2,PP2-L3,14,0.0
Product2,PP2-L3,15,0.0
Product2,PP2-L3,16,0.0
Product2,PP2-L3,17,0.0
Product2,PP2-L3,18,0.0
Product2,PP2-L3,19,0.0
Product2,PP2-L3,20,0.0
Product2,PP2-L3,21,0.0
Product2,PP2-L3,22,0.0
Product2,PP2-L3,23,0.0
Product2,PP2-L3,24,0.0
Product2,PP2-L3,25,0.0
Product2,PP2-L3,26,0.0
Product2,PP2-L3,27,0.0
Product2,PP2-L3,28,80.0
Product2,PP2-L3,29,0.0
Product2,PP2-L3,30,0.0
Product2,PP2-L3,31,0.0
Product2,PP2-L3,32,0.0
Product2,PP2-L3,33,0.0
Product2,PP2-L3,34,0.0
Product2,PP2-L3,35,0.0
Product2,PP2-L4,1,0.0
Product2,PP2-L4,2,0.0
Product2,PP2-L4,3,0.0
Product2,PP2-L4,4,0.0
Product2,PP2-L4,5,0.0
Product2,PP2-L4,6,0.0
Product2,PP2-L4,7,0.0
Product2,PP2-L4,8,0.0
Product2,PP2-L4,9,0.0
Product2,PP2-L4,10,0.0
Product2,PP2-L4,11,0.0
Product2,PP2-L4,12,0.0
Product2,PP2-L4,13,0.0
Product2,PP2-L4,14,0.0
Product2,PP2-L4,15,0.0
Product2,PP2-L4,16,0.0
Product2,PP2-L4,17,0.0
Product2,PP2-L4,18,0.0
Product2,PP2-L4,19,0.0
Product2,PP2-L4,20,0.0
Product2,PP2-L4,21,0.0
Product2,PP2-L4,22,0.0
Product2,PP2-L4,23,0.0
Product2,PP2-L4,24,0.0
Product2,PP2-L4,25,0.0
Product2,PP2-L4,26,0.0
Product2,PP2-L4,27,200.0
Product2,PP2-L4,28,80.0
Product2,PP2-L4,29,0.0
Product2,PP2-L4,30,40.0
Product2,PP2-L4,31,0.0
Product2,PP2-L4,32,0.0
Product2,PP2-L4,33,0.0
Product2,PP2-L4,34,0.0
Product2,PP2-L4,35,0.0
Product2,PP3-L0,1,0.0
Product2,PP3-L0,2,0.0
Product2,PP3-L0,3,0.0
Product2,PP3-L0,4,0.0
Product2,PP3-L0,5,0.0
Product2,PP3-L0,6,0.0
Product2,PP3-L0,7,0.0
Product2,PP3-L0,8,0.0
Product2,PP3-L0,9,0.0
Product2,PP3-L0,10,0.0
Product2,PP3-L0,11,0.0
Product2,PP3-L0,12,0.0
Product2,PP3-L0,13,0.0
Product2,PP3-L0,14,0.0
Product2,PP3-L0,15,0.0
Product2,PP3-L0,16,0.0
Product2,PP3-L0,17,0.0
Product2,PP3-L0,18,0.0
Product2,PP3-L0,19,0.0
Product2,PP3-L0,20,0.0
Product2,PP3-L0,21,0.0
Product2,PP3-L0,22,0.0
Product2,PP3-L0,23,0.0
Product2,PP3-L0,24,0.0
Product2,PP3-L0,25,0.0
Product2,PP3-L0,26,0.0
Product2,PP3-L0,27,0.0
Product2,PP3-L0,28,0.0
Product2,PP3-L0,29,200.0
Product2,PP3-L0,30,0.0
Product2,PP3-L0,31,0.0
Product2,PP3-L0,32,40.0
Product2,PP3-L0,33,0.0
Product2,PP3-L0,34,0.0
Product2,PP3-L0,35,0.0
Product2,PP3-L1,1,0.0
Product2,PP3-L1,2,0.0
Product2,PP3-L1,3,0.0
Product2,PP3-L1,4,0.0
Product2,PP3-L1,5,0.0
Product2,PP3-L1,6,0.0
Product2,PP3-L1,7,0.0
Product2,PP3-L1,8,0.0
Product2,PP3-L1,9,0.0
Product2,PP3-L1,10,0.0
Product2,PP3-L1,11,0.0
Product2,PP3-L1,12,0.0
Product2,PP3-L1,13,0.0
Product2,PP3-L1,14,0.0
Product2,PP3-L1,15,0.0
Product2,PP3-L1,16,0.0
Product2,PP3-L1,17,0.0
Product2,PP3-L1,18,0.0
Product2,PP3-L1,19,0.0
Product2,PP3-L1,20,0.0
Product2,PP3-L1,21,0.0
Product2,PP3-L1,22,0.0
Product2,PP3-L1,23,0.0
Product2,PP3-L1,24,0.0
Product2,PP3-L1,25,0.0
Product2,PP3-L1,26,0.0
Product2,PP3-L1,27,0.0
Product2,PP3-L1,28,0.0
Product2,PP3-L1,29,0.0
Product2,PP3-L1,30,0.0
Product2,PP3-L1,31,0.0
Product2,PP3-L1,32,0.0
Product2,PP3-L1,33,0.0
Product2,PP3-L1,34,0.0
Product2,PP3-L1,35,0.0
Product2,PP3-L2,1,0.0
Product2,PP3-L2,2,0.0
Product2,PP3-L2,3,0.0
Product2,PP3-L2,4,0.0
Product2,PP3-L2,5,0.0
Product2,PP3-L2,6,0.0
Product2,PP3-L2,7,0.0
Product2,PP3-L2,8,0.0
Product2,PP3-L2,9,0.0
Product2,PP3-L2,10,0.0
Product2,PP3-L2,11,0.0
Product2,PP3-L2,12,0.0
Product2,PP3-L2,13,0.0
Product2,PP3-L2,14,0.0
Product2,PP3-L2,15,0.0
Product2,PP3-L2,16,0.0
Product2,PP3-L2,17,0.0
Product2,PP3-L2,18,0.0
Product2,PP3-L2,19,0.0
Product2,PP3-L2,20,0.0
Product2,PP3-L2,21,0.0
Product2,PP3-L2,22,0.0
Product2,PP3-L2,23,0.0
Product2,PP3-L2,24,0.0
Product2,PP3-L2,25,200.0
Product2,PP3-L2,26,80.0
Product2,PP3-L2,27,40.0
Product2,PP3-L2,28,0.0
Product2,PP3-L2,29,0.0
Product2,PP3-L2,30,200.0
Product2,PP3-L2,31,0.0
Product2,PP3-L2,32,0.0
Product2,PP3-L2,33,200.0
Product2,PP3-L2,34,200.0
Product2,PP3-L2,35,0.0
Product2,PP3-L3,1,0.0
Product2,PP3-L3,2,0.0
Product2,PP3-L3,3,0.0
Product2,PP3-L3,4,0.0
Product2,PP3-L3,5,0.0
Product2,PP3-L3,6,0.0
Product2,PP3-L3,7,0.0
Product2,PP3-L3,8,0.0
Product2,PP3-L3,9,0.0
Product2,PP3-L3,10,0.0
Product2,PP3-L3,11,0.0
Product2,PP3-L3,12,0.0
Product2,PP3-L3,13,0.0
Product2,PP3-L3,14,0.0
Product2,PP3-L3,15,0.0
Product2,PP3-L3,16,0.0
Product2,PP3-L3,17,0.0
Product2,PP3-L3,18,0.0
Product2,PP3-L3,19,0.0
Product2,PP3-L3,20,0.0
Product2,PP3-L3,21,0.0
Product2,PP3-L3,22,0.0
Product2,PP3-L3,23,0.0
Product2,PP3-L3,24,0.0
Product2,PP3-L3,25,0.0
Product2,PP3-L3,26,80.0
Product2,PP3-L3,27,0.0
Product2,PP3-L3,28,0.0
Product2,PP3-L3,29,0.0
Product2,PP3-L3,30,0.0
Product2,PP3-L3,31,0.0
Product2,PP3-L3,32,40.0
Product2,PP3-L3,33,0.0
Product2,PP3-L3,34,0.0
Product2,PP3-L3,35,0.0
Product2,PP3-L4,1,0.0
Product2,PP3-L4,2,0.0
Product2,PP3-L4,3,0.0
Product2,PP3-L4,4,0.0
Product2,PP3-L4,5,0.0
Product2,PP3-L4,6,0.0
Product2,PP3-L4,7,0.0
Product2,PP3-L4,8,0.0
Product2,PP3-L4,9,0.0
Product2,PP3-L4,10,0.0
Product2,PP3-L4,11,0.0
Product2,PP3-L4,12,0.0
Product2,PP3-L4,13,0.0
Product2,PP3-L4,14,0.0
Product2,PP3-L4,15,0.0
Product2,PP3-L4,16,0.0
Product2,PP3-L4,17,0.0
Product2,PP3-L4,18,0.0
Product2,PP3-L4,19,0.0
Product2,PP3-L4,20,0.0
Product2,PP3-L4,21,0.0
Product2,PP3-L4,22,0.0
Product2,PP3-L4,23,0.0
Product2,PP3-L4,24,0.0
Product2,PP3-L4,25,0.0
Product2,PP3-L4,26,40.0
Product2,PP3-L4,27,0.0
Product2,PP3-L4,28,0.0
Product2,PP3-L4,29,0.0
Product2,PP3-L4,30,0.0
Product2,PP3-L4,31,0.0
Product2,PP3-L4,32,40.0
Product2,PP3-L4,33,0.0
Product2,PP3-L4,34,0.0
Product2,PP3-L4,35,0.0
Product2,PP4-L0,1,0.0
Product2,PP4-L0,2,0.0
Product2,PP4-L0,3,0.0
Product2,PP4-L0,4,0.0
Product2,PP4-L0,5,0.0
Product2,PP4-L0,6,0.0
Product2,PP4-L0,7,0.0
Product2,PP4-L0,8,0.0
Product2,PP4-L0,9,0.0
Product2,PP4-L0,10,0.0
Product2,PP4-L0,11,0.0
Product2,PP4-L0,12,0.0
Product2,PP4-L0,13,0.0
Product2,PP4-L0,14,0.0
Product2,PP4-L0,15,0.0
Product2,PP4-L0,16,0.0
Product2,PP4-L0,17,0.0
Product2,PP4-L0,18,0.0
Product2,PP4-L0,19,0.0
Product2,PP4-L0,20,0.0
Product2,PP4-L0,21,0.0
Product2,PP4-L0,22,0.0
Product2,PP4-L0,23,0.0
Product2,PP4-L0,24,0.0
Product2,PP4-L0,25,0.0
Product2,PP4-L0,26,0.0
Product2,PP4-L0,27,0.0
Product2,PP4-L0,28,40.0
Product2,PP4-L0,29,40.0
Product2,PP4-L0,30,0.0
Product2,PP4-L0,31,0.0
Product2,PP4-L0,32,0.0
Product2,PP4-L0,33,0.0
Product2,PP4-L0,34,0.0
Product2,PP4-L0,35,0.0
Product2,PP4-L1,1,0.0
Product2,PP4-L1,2,0.0
Product2,PP4-L1,3,0.0
Product2,PP4-L1,4,0.0
Product2,PP4-L1,5,0.0
Product2,PP4-L1,6,0.0
Product2,PP4-L1,7,0.0
Product2,PP4-L1,8,0.0
Product2,PP4-L1,9,0.0
Product2,PP4-L1,10,0.0
Product2,PP4-L1,11,0.0
Product2,PP4-L1,12,0.0
Product2,PP4-L1,13,0.0
Product2,PP4-L1,14,0.0
Product2,PP4-L1,15,0.0
Product2,PP4-L1,16,0.0
Product2,PP4-L1,17,0.0
Product2,PP4-L1,18,0.0
Product2,PP4-L1,19,0.0
Product2,PP4-L1,20,0.0
Product2,PP4-L1,21,0.0
Product2,PP4-L1,22,0.0
Product2,PP4-L1,23,0.0
Product2,PP4-L1,24,0.0
Product2,PP4-L1,25,200.0
Product2,PP4-L1,26,0.0
Product2,PP4-L1,27,0.0
Product2,PP4-L1,28,0.0
Product2,PP4-L1,29,0.0
Product2,PP4-L1,30,0.0
Product2,PP4-L1,31,80.0
Product2,PP4-L1,32,200.0
Product2,PP4-L1,33,0.0
Product2,PP4-L1,34,0.0
Product2,PP4-L1,35,40.0
Product2,PP4-L2,1,0.0
Product2,PP4-L2,2,0.0
Product2,PP4-L2,3,0.0
Product2,PP4-L2,4,0.0
Product2,PP4-L2,5,0.0
Product2,PP4-L2,6,0.0
Product2,PP4-L2,7,0.0
Product2,PP4-L2,8,0.0
Product2,PP4-L2,9,0.0
Product2,PP4-L2,10,0.0
Product2,PP4-L2,11,0.0
Product2,PP4-L2,12,0.0
Product2,PP4-L2,13,0.0
Product2,PP4-L2,14,0.0
Product2,PP4-L2,15,0.0
Product2,PP4-L2,16,0.0
Product2,PP4-L2,17,0.0
Product2,PP4-L2,18,0.0
Product2,PP4-L2,19,0.0
Product2,PP4-L2,20,0.0
Product2,PP4-L2,21,0.0
Product2,PP4-L2,22,0.0
Product2,PP4-L2,23,0.0
Product2,PP4-L2,24,0.0
Product2,PP4-L2,25,0.0
Product2,PP4-L2,26,0.0
Product2,PP4-L2,27,0.0
Product2,PP4-L2,28,40.0
Product2,PP4-L2,29,0.0
Product2,PP4-L2,30,200.0
Product2,PP4-L2,31,0.0
Product2,PP4-L2,32,0.0
Product2,PP4-L2,33,0.0
Product2,PP4-L2,34,0.0
Product2,PP4-L2,35,40.0
Product2,PP4-L3,1,0.0
Product2,PP4-L3,2,0.0
Product2,PP4-L3,3,0.0
Product2,PP4-L3,4,0.0
Product2,PP4-L3,5,0.0
Product2,PP4-L3,6,0.0
Product2,PP4-L3,7,0.0
Product2,PP4-L3,8,0.0
Product2,PP4-L3,9,0.0
Product2,PP4-L3,10,0.0
Product2,PP4-L3,11,0.0
Product2,PP4-L3,12,0.0
Product2,PP4-L3,13,0.0
Product2,PP4-L3,14,0.0
Product2,PP4-L3,15,0.0
Product2,PP4-L3,16,0.0
Product2,PP4-L3,17,0.0
Product2,PP4-L3,18,0.0
Product2,PP4-L3,19,0.0
Product2,PP4-L3,20,0.0
Product2,PP4-L3,21,0.0
Product2,PP4-L3,22,0.0
Product2,PP4-L3,23,0.0
Product2,PP4-L3,24,0.0
Product2,PP4-L3,25,0.0
Product2,PP4-L3,26,0.0
Product2,PP4-L3,27,0.0
Product2,PP4-L3,28,0.0
Product2,PP4-L3,29,0.0
Product2,PP4-L3,30,0.0
Product2,PP4-L3,31,0.0
Product2,PP4-L3,32,0.0
Product2,PP4-L3,33,0.0
Product2,PP4-L3,34,0.0
Product2,PP4-L3,35,0.0
Product2,PP4-L4,1,0.0
Product2,PP4-L4,2,0.0
Product2,PP4-L4,3,0.0
Product2,PP4-L4,4,0.0
Product2,PP4-L4,5,0.0
Product2,PP4-L4,6,0.0
Product2,PP4-L4,7,0.0
Product2,PP4-L4,8,0.0
Product2,PP4-L4,9,0.0
Product2,PP4-L4,10,0.0
Product2,PP4-L4,11,0.0
Product2,PP4-L4,12,0.0
Product2,PP4-L4,13,0.0
Product2,PP4-L4,14,0.0
Product2,PP4-L4,15,0.0
Product2,PP4-L4,16,0.0
Product2,PP4-L4,17,0.0
Product2,PP4-L4,18,0.0
Product2,PP4-L4,19,0.0
Product2,PP4-L4,20,0.0
Product2,PP4-L4,21,0.0
Product2,PP4-L4,22,0.0
Product2,PP4-L4,23,0.0
Product2,PP4-L4,24,0.0
Product2,PP4-L4,25,0.0
Product2,PP4-L4,26,0.0
Product2,PP4-L4,27,0.0
Product2,PP4-L4,28,120.0
Product2,PP4-L4,29,0.0
Product2,PP4-L4,30,0.0
Product2,PP4-L4,31,0.0
Product2,PP4-L4,32,0.0
Product2,PP4-L4,33,200.0
Product2,PP4-L4,34,0.0
Product2,PP4-L4,35,0.0
Product3,PP0-L0,1,0.0
Product3,PP0-L0,2,0.0
Product3,PP0-L0,3,0.0
Product3,PP0-L0,4,0.0
Product3,PP0-L0,5,0.0
Product3,PP0-L0,6,0.0
Product3,PP0-L0,7,0.0
Product3,PP0-L0,8,0.0
Product3,PP0-L0,9,0.0
Product3,PP0-L0,10,0.0
Product3,PP0-L0,11,0.0
Product3,PP0-L0,12,0.0
Product3,PP0-L0,13,0.0
Product3,PP0-L0,14,0.0
Product3,PP0-L0,15,0.0
Product3,PP0-L0,16,0.0
Product3,PP0-L0,17,0.0
Product3,PP0-L0,18,0.0
Product3,PP0-L0,19,0.0
Product3,PP0-L0,20,0.0
Product3,PP0-L0,21,0.0
Product3,PP0-L0,22,0.0
Product3,PP0-L0,23,0.0
Product3,PP0-L0,24,0.0
Product3,PP0-L0,25,0.0
Product3,PP0-L0,26,0.0
Product3,PP0-L0,27,0.0
Product3,PP0-L0,28,0.0
Product3,PP0-L0,29,0.0
Product3,PP0-L0,30,0.0
Product3,PP0-L0,31,0.0
Product3,PP0-L0,32,0.0
Product3,PP0-L0,33,0.0
Product3,PP0-L0,34,0.0
Product3,PP0-L0,35,0.0
Product3,PP0-L1,1,0.0
Product3,PP0-L1,2,0.0
Product3,PP0-L1,3,0.0
Product3,PP0-L1,4,0.0
Product3,PP0-L1,5,0.0
Product3,PP0-L1,6,0.0
Product3,PP0-L1,7,0.0
Product3,PP0-L1,8,0.0
Product3,PP0-L1,9,0.0
Product3,PP0-L1,10,0.0
Product3,PP0-L1,11,0.0
Product3,PP0-L1,12,0.0
Product3,PP0-L1,13,0.0
Product3,PP0-L1,14,0.0
Product3,PP0-L1,15,0.0
Product3,PP0-L1,16,0.0
Product3,PP0-L1,17,0.0
Product3,PP0-L1,18,0.0
Product3,PP0-L1,19,0.0
Product3,PP0-L1,20,0.0
Product3,PP0-L1,21,0.0
Product3,PP0-L1,22,0.0
Product3,PP0-L1,23,0.0
Product3,PP0-L1,24,0.0
Product3,PP0-L1,25,0.0
Product3,PP0-L1,26,0.0
Product3,PP0-L1,27,0.0
Product3,PP0-L1,28,0.0
Product3,PP0-L1,29,40.0
Product3,PP0-L1,30,0.0
Product3,PP0-L1,31,0.0
Product3,PP0-L1,32,0.0
Product3,PP0-L1,33,0.0
Product3,PP0-L1,34,0.0
Product3,PP0-L1,35,200.0
Product3,PP0-L2,1,0.0
Product3,PP0-L2,2,0.0
Product3,PP0-L2,3,0.0
Product3,PP0-L2,4,0.0
Product3,PP0-L2,5,0.0
Product3,PP0-L2,6,0.0
Product3,PP0-L2,7,0.0
Product3,PP0-L2,8,0.0
Product3,PP0-L2,9,0.0
Product3,PP0-L2,10,0.0
Product3,PP0-L2,11,0.0
Product3,PP0-L2,12,0.0
Product3,PP0-L2,13,0.0
Product3,PP0-L2,14,0.0
Product3,PP0-L2,15,0.0
Product3,PP0-L2,16,0.0
Product3,PP0-L2,17,0.0
Product3,PP0-L2,18,0.0
Product3,PP0-L2,19,0.0
Product3,PP0-L2,20,0.0
Product3,PP0-L2,21,0.0
Product3,PP0-L2,22,0.0
Product3,PP0-L2,23,0.0
Product3,PP0-L2,24,40.0
Product3,PP0-L2,25,0.0
Product3,PP0-L2,26,200.0
Product3,PP0-L2,27,0.0
Product3,PP0-L2,28,0.0
Product3,PP0-L2,29,0.0
Product3,PP0-L2,30,0.0
Product3,PP0-L2,31,0.0
Product3,PP0-L2,32,0.0
Product3,PP0-L2,33,0.0
Product3,PP0-L2,34,200.0
Product3,PP0-L2,35,0.0
Product3,PP0-L3,1,0.0
Product3,PP0-L3,2,0.0
Product3,PP0-L3,3,0.0
Product3,PP0-L3,4,0.0
Product3,PP0-L3,5,0.0
Product3,PP0-L3,6,0.0
Product3,PP0-L3,7,0.0
Product3,PP0-L3,8,0.0
Product3,PP0-L3,9,0.0
Product3,PP0-L3,10,0.0
Product3,PP0-L3,11,0.0
Product3,PP0-L3,12,0.0
Product3,PP0-L3,13,0.0
Product3,PP0-L3,14,0.0
Product3,PP0-L3,15,0.0
Product3,PP0-L3,16,0.0
Product3,PP0-L3,17,0.0
Product3,PP0-L3,18,0.0
Product3,PP0-L3,19,0.0
Product3,PP0-L3,20,0.0
Product3,PP0-L3,21,0.0
Product3,PP0-L3,22,0.0
Product3,PP0-L3,23,0.0
Product3,PP0-L3,24,0.0
Product3,PP0-L3,25,0.0
Product3,PP0-L3,26,0.0
Product3,PP0-L3,27,0.0
Product3,PP0-L3,28,0.0
Product3,PP0-L3,29,160.0
Product3,PP0-L3,30,0.0
Product3,PP0-L3,31,0.0
Product3,PP0-L3,32,0.0
Product3,PP0-L3,33,0.0
Product3,PP0-L3,34,0.0
Product3,PP0-L3,35,0.0
Product3,PP0-L4,1,0.0
Product3,PP0-L4,2,0.0
Product3,PP0-L4,3,0.0
Product3,PP0-L4,4,0.0
Product3,PP0-L4,5,0.0
Product3,PP0-L4,6,0.0
Product3,PP0-L4,7,0.0
Product3,PP0-L4,8,0.0
Product3,PP0-L4,9,0.0
Product3,PP0-L4,10,0.0
Product3,PP0-L4,11,0.0
Product3,PP0-L4,12,0.0
Product3,PP0-L4,13,0.0
Product3,PP0-L4,14,0.0
Product3,PP0-L4,15,0.0
Product3,PP0-L4,16,0.0
Product3,PP0-L4,17,0.0
Product3,PP0-L4,18,0.0
Product3,PP0-L4,19,0.0
Product3,PP0-L4,20,0.0
Product3,PP0-L4,21,0.0
Product3,PP0-L4,22,0.0
Product3,PP0-L4,23,0.0
Product3,PP0-L4,24,0.0
Product3,PP0-L4,25,0.0
Product3,PP0-L4,26,0.0
Product3,PP0-L4,27,0.0
Product3,PP0-L4,28,0.0
Product3,PP0-L4,29,0.0
Product3,PP0-L4,30,200.0
Product3,PP0-L4,31,0.0
Product3,PP0-L4,32,0.0
Product3,PP0-L4,33,0.0
Product3,PP0-L4,34,0.0
Product3,PP0-L4,35,0.0
Product3,PP1-L0,1,0.0
Product3,PP1-L0,2,0.0
Product3,PP1-L0,3,0.0
Product3,PP1-L0,4,0.0
Product3,PP1-L0,5,0.0
Product3,PP1-L0,6,0.0
Product3,PP1-L0,7,0.0
Product3,PP1-L0,8,0.0
Product3,PP1-L0,9,0.0
Product3,PP1-L0,10,0.0
Product3,PP1-L0,11,0.0
Product3,PP1-L0,12,0.0
Product3,PP1-L0,13,0.0
Product3,PP1-L0,14,0.0
Product3,PP1-L0,15,0.0
Product3,PP1-L0,16,0.0
Product3,PP1-L0,17,0.0
Product3,PP1-L0,18,0.0
Product3,PP1-L0,19,0.0
Product3,PP1-L0,20,0.0
Product3,PP1-L0,21,0.0
Product3,PP1-L0,22,0.0
Product3,PP1-L0,23,0.0
Product3,PP1-L0,24,0.0
Product3,PP1-L0,25,0.0
Product3,PP1-L0,26,0.0
Product3,PP1-L0,27,0.0
Product3,PP1-L0,28,200.0
Product3,PP1-L0,29,0.0
Product3,PP1-L0,30,40.0
Product3,PP1-L0,31,0.0
Product3,PP1-L0,32,0.0
Product3,PP1-L0,33,200.0
Product3,PP1-L0,34,120.0
Product3,PP1-L0,35,40.0
Product3,PP1-L1,1,0.0
Product3,PP1-L1,2,0.0
Product3,PP1-L1,3,0.0
Product3,PP1-L1,4,0.0
Product3,PP1-L1,5,0.0
Product3,PP1-L1,6,0.0
Product3,PP1-L1,7,0.0
Product3,PP1-L1,8,0.0
Product3,PP1-L1,9,0.0
Product3,PP1-L1,10,0.0
Product3,PP1-L1,11,0.0
Product3,PP1-L1,12,0.0
Product3,PP1-L1,13,0.0
Product3,PP1-L1,14,0.0
Product3,PP1-L1,15,0.0
Product3,PP1-L1,16,0.0
Product3,PP1-L1,17,0.0
Product3,PP1-L1,18,0.0
Product3,PP1-L1,19,0.0
Product3,PP1-L1,20,0.0
Product3,PP1-L1,21,0.0
Product3,PP1-L1,22,0.0
Product3,PP1-L1,23,0.0
Product3,PP1-L1,24,200.0
Product3,PP1-L1,25,40.0
Product3,PP1-L1,26,0.0
Product3,PP1-L1,27,0.0
Product3,PP1-L1,28,0.0
Product3,PP1-L1,29,0.0
Product3,PP1-L1,30,0.0
Product3,PP1-L1,31,0.0
Product3,PP1-L1,32,0.0
Product3,PP1-L1,33,0.0
Product3,PP1-L1,34,0.0
Product3,PP1-L1,35,160.0
Product3,PP1-L2,1,0.0
Product3,PP1-L2,2,0.0
Product3,PP1-L2,3,0.0
Product3,PP1-L2,4,0.0
Product3,PP1-L2,5,0.0
Product3,PP1-L2,6,0.0
Product3,PP1-L2,7,0.0
Product3,PP1-L2,8,0.0
Product3,PP1-L2,9,0.0
Product3,PP1-L2,10,0.0
Product3,PP1-L2,11,0.0
Product3,PP1-L2,12,0.0
Product3,PP1-L2,13,0.0
Product3,PP1-L2,14,0.0
Product3,PP1-L2,15,0.0
Product3,PP1-L2,16,0.0
Product3,PP1-L2,17,0.0
Product3,PP1-L2,18,0.0
Product3,PP1-L2,19,0.0
Product3,PP1-L2,20,0.0
Product3,PP1-L2,21,0.0
Product3,PP1-L2,22,0.0
Product3,PP1-L2,23,0.0
Product3,PP1-L2,24,0.0
Product3,PP1-L2,25,0.0
Product3,PP1-L2,26,0.0
Product3,PP1-L2,27,0.0
Product3,PP1-L2,28,0.0
Product3,PP1-L2,29,0.0
Product3,PP1-L2,30,0.0
Product3,PP1-L2,31,200.0
Product3,PP1-L2,32,0.0
Product3,PP1-L2,33,0.0
Product3,PP1-L2,34,0.0
Product3,PP1-L2,35,0.0
Product3,PP1-L3,1,0.0
Product3,PP1-L3,2,0.0
Product3,PP1-L3,3,0.0
Product3,PP1-L3,4,0.0
Product3,PP1-L3,5,0.0
Product3,PP1-L3,6,0.0
Product3,PP1-L3,7,0.0
Product3,PP1-L3,8,0.0
Product3,PP1-L3,9,0.0
Product3,PP1-L3,10,0.0
Product3,PP1-L3,11,0.0
Product3,PP1-L3,12,0.0
Product3,PP1-L3,13,0.0
Product3,PP1-L3,14,0.0
Product3,PP1-L3,15,0.0
Product3,PP1-L3,16,0.0
Product3,PP1-L3,17,0.0
Product3,PP1-L3,18,0.0
Product3,PP1-L3,19,0.0
Product3,PP1-L3,20,0.0
Product3,PP1-L3,21,0.0
Product3,PP1-L3,22,0.0
Product3,PP1-L3,23,0.0
Product3,PP1-L3,24,0.0
Product3,PP1-L3,25,0.0
Product3,PP1-L3,26,0.0
Product3,PP1-L3,27,0.0
Product3,PP1-L3,28,0.0
Product3,PP1-L3,29,0.0
Product3,PP1-L3,30,160.0
Product3,PP1-L3,31,0.0
Product3,PP1-L3,32,0.0
Product3,PP1-L3,33,0.0
Product3,PP1-L3,34,0.0
Product3,PP1-L3,35,0.0
Product3,PP1-L4,1,0.0
Product3,PP1-L4,2,0.0
Product3,PP1-L4,3,0.0
Product3,PP1-L4,4,0.0
Product3,PP1-L4,5,0.0
Product3,PP1-L4,6,0.0
Product3,PP1-L4,7,0.0
Product3,PP1-L4,8,0.0
Product3,PP1-L4,9,0.0
Product3,PP1-L4,10,0.0
Product3,PP1-L4,11,0.0
Product3,PP1-L4,12,0.0
Product3,PP1-L4,13,0.0
Product3,PP1-L4,14,0.0
Product3,PP1-L4,15,0.0
Product3,PP1-L4,16,0.0
Product3,PP1-L4,17,0.0
Product3,PP1-L4,18,0.0
Product3,PP1-L4,19,0.0
Product3,PP1-L4,20,0.0
Product3,PP1-L4,21,0.0
Product3,PP1-L4,22,0.0
Product3,PP1-L4,23,0.0
Product3,PP1-L4,24,0.0
Product3,PP1-L4,25,0.0
Product3,PP1-L4,26,0.0
Product3,PP1-L4,27,0.0
Product3,PP1-L4,28,0.0
Product3,PP1-L4,29,0.0
Product3,PP1-L4,30,0.0
Product3,PP1-L4,31,0.0
Product3,PP1-L4,32,0.0
Product3,PP1-L4,33,0.0
Product3,PP1-L4,34,0.0
Product3,PP1-L4,35,0.0
Product3,PP2-L0,1,0.0
Product3,PP2-L0,2,0.0
Product3,PP2-L0,3,0.0
Product3,PP2-L0,4,0.0
Product3,PP2-L0,5,0.0
Product3,PP2-L0,6,0.0
Product3,PP2-L0,7,0.0
Product3,PP2-L0,8,0.0
Product3,PP2-L0,9,0.0
Product3,PP2-L0,10,0.0
Product3,PP2-L0,11,0.0
Product3,PP2-L0,12,0.0
Product3,PP2-L0,13,0.0
Product3,PP2-L0,14,0.0
Product3,PP2-L0,15,0.0
Product3,PP2-L0,16,0.0
Product3,PP2-L0,17,0.0
Product3,PP2-L0,18,0.0
Product3,PP2-L0,19,0.0
Product3,PP2-L0,20,0.0
Product3,PP2-L0,21,0.0
Product3,PP2-L0,22,0.0
Product3,PP2-L0,23,0.0
Product3,PP2-L0,24,0.0
Product3,PP2-L0,25,0.0
Product3,PP2-L0,26,0.0
Product3,PP2-L0,27,0.0
Product3,PP2-L0,28,0.0
Product3,PP2-L0,29,0.0
Product3,PP2-L0,30,0.0
Product3,PP2-L0,31,0.0
Product3,PP2-L0,32,0.0
Product3,PP2-L0,33,120.0
Product3,PP2-L0,34,0.0
Product3,PP2-L0,35,200.0
Product3,PP2-L1,1,0.0
Product3,PP2-L1,2,0.0
Product3,PP2-L1,3,0.0
Product3,PP2-L1,4,0.0
Product3,PP2-L1,5,0.0
Product3,PP2-L1,6,0.0
Product3,PP2-L1,7,0.0
Product3,PP2-L1,8,0.0
Product3,PP2-L1,9,0.0
Product3,PP2-L1,10,0.0
Product3,PP2-L1,11,0.0
Product3,PP2-L1,12,0.0
Product3,PP2-L1,13,0.0
Product3,PP2-L1,14,0.0
Product3,PP2-L1,15,0.0
Product3,PP2-L1,16,0.0
Product3,PP2-L1,17,0.0
Product3,PP2-L1,18,0.0
Product3,PP2-L1,19,0.0
Product3,PP2-L1,20,0.0
Product3,PP2-L1,21,0.0
Product3,PP2-L1,22,0.0
Product3,PP2-L1,23,0.0
Product3,PP2-L1,24,40.0
Product3,PP2-L1,25,0.0
Product3,PP2-L1,26,0.0
Product3,PP2-L1,27,0.0
Product3,PP2-L1,28,0.0
Product3,PP2-L1,29,80.0
Product3,PP2-L1,30,0.0
Product3,PP2-L1,31,0.0
Product3,PP2-L1,32,200.0
Product3,PP2-L1,33,0.0
Product3,PP2-L1,34,40.0
Product3,PP2-L1,35,0.0
Product3,PP2-L2,1,0.0
Product3,PP2-L2,2,0.0
Product3,PP2-L2,3,0.0
Product3,PP2-L2,4,0.0
Product3,PP2-L2,5,0.0
Product3,PP2-L2,6,0.0
Product3,PP2-L2,7,0.0
Product3,PP2-L2,8,0.0
Product3,PP2-L2,9,0.0
Product3,PP2-L2,10,0.0
Product3,PP2-L2,11,0.0
Product3,PP2-L2,12,0.0
Product3,PP2-L2,13,0.0
Product3,PP2-L2,14,0.0
Product3,PP2-L2,15,0.0
Product3,PP2-L2,16,0.0
Product3,PP2-L2,17,0.0
Product3,PP2-L2,18,0.0
Product3,PP2-L2,19,0.0
Product3,PP2-L2,20,0.0
Product3,PP2-L2,21,0.0
Product3,PP2-L2,22,0.0
Product3,PP2-L2,23,0.0
Product3,PP2-L2,24,0.0
Product3,PP2-L2,25,0.0
Product3,PP2-L2,26,0.0
Product3,PP2-L2,27,200.0
Product3,PP2-L2,28,40.0
Product3,PP2-L2,29,0.0
Product3,PP2-L2,30,0.0
Product3,PP2-L2,31,0.0
Product3,PP2-L2,32,0.0
Product3,PP2-L2,33,0.0
Product3,PP2-L2,34,120.0
Product3,PP2-L2,35,0.0
Product3,PP2-L3,1,0.0
Product3,PP2-L3,2,0.0
Product3,PP2-L3,3,0.0
Product3,PP2-L3,4,0.0
Product3,PP2-L3,5,0.0
Product3,PP2-L3,6,0.0
Product3,PP2-L3,7,0.0
Product3,PP2-L3,8,0.0
Product3,PP2-L3,9,0.0
Product3,PP2-L3,10,0.0
Product3,PP2-L3,11,0.0
Product3,PP2-L3,12,0.0
Product3,PP2-L3,13,0.0
Product3,PP2-L3,14,0.0
Product3,PP2-L3,15,0.0
Product3,PP2-L3,16,0.0
Product3,PP2-L3,17,0.0
Product3,PP2-L3,18,0.0
Product3,PP2-L3,19,0.0
Product3,PP2-L3,20,0.0
Product3,PP2-L3,21,0.0
Product3,PP2-L3,22,0.0
Product3,PP2-L3,23,0.0
Product3,PP2-L3,24,0.0
Product3,PP2-L3,25,0.0
Product3,PP2-L3,26,0.0
Product3,PP2-L3,27,0.0
Product3,PP2-L3,28,0.0
Product3,PP2-L3,29,0.0
Product3,PP2-L3,30,0.0
Product3,PP2-L3,31,80.0
Product3,PP2-L3,32,0.0
Product3,PP2-L3,33,0.0
Product3,PP2-L3,34,40.0
Product3,PP2-L3,35,0.0
Product3,PP2-L4,1,0.0
Product3,PP2-L4,2,0.0
Product3,PP2-L4,3,0.0
Product3,PP2-L4,4,0.0
Product3,PP2-L4,5,0.0
Product3,PP2-L4,6,0.0
Product3,PP2-L4,7,0.0
Product3,PP2-L4,8,0.0
Product3,PP2-L4,9,0.0
Product3,PP2-L4,10,0.0
Product3,PP2-L4,11,0.0
Product3,PP2-L4,12,0.0
Product3,PP2-L4,13,0.0
Product3,PP2-L4,14,0.0
Product3,PP2-L4,15,0.0
Product3,PP2-L4,16,0.0
Product3,PP2-L4,17,0.0
Product3,PP2-L4,18,0.0
Product3,PP2-L4,19,0.0
Product3,PP2-L4,20,0.0
Product3,PP2-L4,21,0.0
Product3,PP2-L4,22,0.0
Product3,PP2-L4,23,0.0
Product3,PP2-L4,24,40.0
Product3,PP2-L4,25,0.0
Product3,PP2-L4,26,0.0
Product3,PP2-L4,27,0.0
Product3,PP2-L4,28,160.0
Product3,PP2-L4,29,0.0
Product3,PP2-L4,30,200.0
Product3,PP2-L4,31,120.0
Product3,PP2-L4,32,0.0
Product3,PP2-L4,33,80.0
Product3,PP2-L4,34,0.0
Product3,PP2-L4,35,0.0
Product3,PP3-L0,1,0.0
Product3,PP3-L0,2,0.0
Product3,PP3-L0,3,0.0
Product3,PP3-L0,4,0.0
Product3,PP3-L0,5,0.0
Product3,PP3-L0,6,0.0
Product3,PP3-L0,7,0.0
Product3,PP3-L0,8,0.0
Product3,PP3-L0,9,0.0
Product3,PP3-L0,10,0.0
Product3,PP3-L0,11,0.0
Product3,PP3-L0,12,0.0
Product3,PP3-L0,13,0.0
Product3,PP3-L0,14,0.0
Product3,PP3-L0,15,0.0
Product3,PP3-L0,16,0.0
Product3,PP3-L0,17,0.0
Product3,PP3-L0,18,0.0
Product3,PP3-L0,19,0.0
Product3,PP3-L0,20,0.0
Product3,PP3-L0,21,0.0
Product3,PP3-L0,22,0.0
Product3,PP3-L0,23,0.0
Product3,PP3-L0,24,160.0
Product3,PP3-L0,25,0.0
Product3,PP3-L0,26,0.0
Product3,PP3-L0,27,0.0
Product3,PP3-L0,28,0.0
Product3,PP3-L0,29,0.0
Product3,PP3-L0,30,0.0
Product3,PP3-L0,31,0.0
Product3,PP3-L0,32,0.0
Product3,PP3-L0,33,0.0
Product3,PP3-L0,34,0.0
Product3,PP3-L0,35,0.0
Product3,PP3-L1,1,0.0
Product3,PP3-L1,2,0.0
Product3,PP3-L1,3,0.0
Product3,PP3-L1,4,0.0
Product3,PP3-L1,5,0.0
Product3,PP3-L1,6,0.0
Product3,PP3-L1,7,0.0
Product3,PP3-L1,8,0.0
Product3,PP3-L1,9,0.0
Product3,PP3-L1,10,0.0
Product3,PP3-L1,11,0.0
Product3,PP3-L1,12,0.0
Product3,PP3-L1,13,0.0
Product3,PP3-L1,14,0.0
Product3,PP3-L1,15,0.0
Product3,PP3-L1,16,0.0
Product3,PP3-L1,17,0.0
Product3,PP3-L1,18,0.0
Product3,PP3-L1,19,0.0
Product3,PP3-L1,20,0.0
Product3,PP3-L1,21,0.0
Product3,PP3-L1,22,0.0
Product3,PP3-L1,23,0.0
Product3,PP3-L1,24,0.0
Product3,PP3-L1,25,0.0
Product3,PP3-L1,26,0.0
Product3,PP3-L1,27,200.0
Product3,PP3-L1,28,0.0
Product3,PP3-L1,29,40.0
Product3,PP3-L1,30,200.0
Product3,PP3-L1,31,0.0
Product3,PP3-L1,32,200.0
Product3,PP3-L1,33,0.0
Product3,PP3-L1,34,0.0
Product3,PP3-L1,35,0.0
Product3,PP3-L2,1,0.0
Product3,PP3-L2,2,0.0
Product3,PP3-L2,3,0.0
Product3,PP3-L2,4,0.0
Product3,PP3-L2,5,0.0
Product3,PP3-L2,6,0.0
Product3,PP3-L2,7,0.0
Product3,PP3-L2,8,0.0
Product3,PP3-L2,9,0.0
Product3,PP3-L2,10,0.0
Product3,PP3-L2,11,0.0
Product3,PP3-L2,12,0.0
Product3,PP3-L2,13,0.0
Product3,PP3-L2,14,0.0
Product3,PP3-L2,15,0.0
Product3,PP3-L2,16,0.0
Product3,PP3-L2,17,0.0
Product3,PP3-L2,18,0.0
Product3,PP3-L2,19,0.0
Product3,PP3-L2,20,0.0
Product3,PP3-L2,21,0.0
Product3,PP3-L2,22,0.0
Product3,PP3-L2,23,0.0
Product3,PP3-L2,24,0.0
Product3,PP3-L2,25,40.0
Product3,PP3-L2,26,0.0
Product3,PP3-L2,27,0.0
Product3,PP3-L2,28,120.0
Product3,PP3-L2,29,0.0
Product3,PP3-L2,30,0.0
Product3,PP3-L2,31,0.0
Product3,PP3-L2,32,0.0
Product3,PP3-L2,33,0.0
Product3,PP3-L2,34,0.0
Product3,PP3-L2,35,0.0
Product3,PP3-L3,1,0.0
Product3,PP3-L3,2,0.0
Product3,PP3-L3,3,0.0
Product3,PP3-L3,4,0.0
Product3,PP3-L3,5,0.0
Product3,PP3-L3,6,0.0
Product3,PP3-L3,7,0.0
Product3,PP3-L3,8,0.0
Product3,PP3-L3,9,0.0
Product3,PP3-L3,10,0.0
Product3,PP3-L3,11,0.0
Product3,PP3-L3,12,0.0
Product3,PP3-L3,13,0.0
Product3,PP3-L3,14,0.0
Product3,PP3-L3,15,0.0
Product3,PP3-L3,16,0.0
Product3,PP3-L3,17,0.0
Product3,PP3-L3,18,0.0
Product3,PP3-L3,19,0.0
Product3,PP3-L3,20,0.0
Product3,PP3-L3,21,0.0
Product3,PP3-L3,22,0.0
Product3,PP3-L3,23,0.0
Product3,PP3-L3,24,40.0
Product3,PP3-L3,25,0.0
Product3,PP3-L3,26,0.0
Product3,PP3-L3,27,0.0
Product3,PP3-L3,28,40.0
Product3,PP3-L3,29,80.0
Product3,PP3-L3,30,0.0
Product3,PP3-L3,31,0.0
Product3,PP3-L3,32,0.0
Product3,PP3-L3,33,0.0
Product3,PP3-L3,34,0.0
Product3,PP3-L3,35,200.0
Product3,PP3-L4,1,0.0
Product3,PP3-L4,2,0.0
Product3,PP3-L4,3,0.0
Product3,PP3-L4,4,0.0
Product3,PP3-L4,5,0.0
Product3,PP3-L4,6,0.0
Product3,PP3-L4,7,0.0
Product3,PP3-L4,8,0.0
Product3,PP3-L4,9,0.0
Product3,PP3-L4,10,0.0
Product3,PP3-L4,11,0.0
Product3,PP3-L4,12,0.0
Product3,PP3-L4,13,0.0
Product3,PP3-L4,14,0.0
Product3,PP3-L4,15,0.0
Product3,PP3-L4,16,0.0
Product3,PP3-L4,17,0.0
Product3,PP3-L4,18,0.0
Product3,PP3-L4,19,0.0
Product3,PP3-L4,20,0.0
Product3,PP3-L4,21,0.0
Product3,PP3-L4,22,0.0
Product3,PP3-L4,23,0.0
Product3,PP3-L4,24,0.0
Product3,PP3-L4,25,0.0
Product3,PP3-L4,26,0.0
Product3,PP3-L4,27,0.0
Product3,PP3-L4,28,40.0
Product3,PP3-L4,29,80.0
Product3,PP3-L4,30,0.0
Product3,PP3-L4,31,200.0
Product3,PP3-L4,32,0.0
Product3,PP3-L4,33,0.0
Product3,PP3-L4,34,0.0
Product3,PP3-L4,35,0.0
Product3,PP4-L0,1,0.0
Product3,PP4-L0,2,0.0
Product3,PP4-L0,3,0.0
Product3,PP4-L0,4,0.0
Product3,PP4-L0,5,0.0
Product3,PP4-L0,6,0.0
Product3,PP4-L0,7,0.0
Product3,PP4-L0,8,0.0
Product3,PP4-L0,9,0.0
Product3,PP4-L0,10,0.0
Product3,PP4-L0,11,0.0
Product3,PP4-L0,12,0.0
Product3,PP4-L0,13,0.0
Product3,PP4-L0,14,0.0
Product3,PP4-L0,15,0.0
Product3,PP4-L0,16,0.0
Product3,PP4-L0,17,0.0
Product3,PP4-L0,18,0.0
Product3,PP4-L0,19,0.0
Product3,PP4-L0,20,0.0
Product3,PP4-L0,21,0.0
Product3,PP4-L0,22,0.0
Product3,PP4-L0,23,0.0
Product3,PP4-L0,24,0.0
Product3,PP4-L0,25,0.0
Product3,PP4-L0,26,200.0
Product3,PP4-L0,27,0.0
Product3,PP4-L0,28,0.0
Product3,PP4-L0,29,0.0
Product3,PP4-L0,30,0.0
Product3,PP4-L0,31,0.0
Product3,PP4-L0,32,0.0
Product3,PP4-L0,33,0.0
Product3,PP4-L0,34,80.0
Product3,PP4-L0,35,0.0
Product3,PP4-L1,1,0.0
Product3,PP4-L1,2,0.0
Product3,PP4-L1,3,0.0
Product3,PP4-L1,4,0.0
Product3,PP4-L1,5,0.0
Product3,PP4-L1,6,0.0
Product3,PP4-L1,7,0.0
Product3,PP4-L1,8,0.0
Product3,PP4-L1,9,0.0
Product3,PP4-L1,10,0.0
Product3,PP4-L1,11,0.0
Product3,PP4-L1,12,0.0
Product3,PP4-L1,13,0.0
Product3,PP4-L1,14,0.0
Product3,PP4-L1,15,0.0
Product3,PP4-L1,16,0.0
Product3,PP4-L1,17,0.0
Product3,PP4-L1,18,0.0
Product3,PP4-L1,19,0.0
Product3,PP4-L1,20,0.0
Product3,PP4-L1,21,0.0
Product3,PP4-L1,22,0.0
Product3,PP4-L1,23,0.0
Product3,PP4-L1,24,200.0
Product3,PP4-L1,25,0.0
Product3,PP4-L1,26,0.0
Product3,PP4-L1,27,0.0
Product3,PP4-L1,28,0.0
Product3,PP4-L1,29,0.0
Product3,PP4-L1,30,0.0
Product3,PP4-L1,31,0.0
Product3,PP4-L1,32,40.0
Product3,PP4-L1,33,0.0
Product3,PP4-L1,34,0.0
Product3,PP4-L1,35,0.0
Product3,PP4-L2,1,0.0
Product3,PP4-L2,2,0.0
Product3,PP4-L2,3,0.0
Product3,PP4-L2,4,0.0
Product3,PP4-L2,5,0.0
Product3,PP4-L2,6,0.0
Product3,PP4-L2,7,0.0
Product3,PP4-L2,8,0.0
Product3,PP4-L2,9,0.0
Product3,PP4-L2,10,0.0
Product3,PP4-L2,11,0.0
Product3,PP4-L2,12,0.0
Product3,PP4-L2,13,0.0
Product3,PP4-L2,14,0.0
Product3,PP4-L2,15,0.0
Product3,PP4-L2,16,0.0
Product3,PP4-L2,17,0.0
Product3,PP4-L2,18,0.0
Product3,PP4-L2,19,0.0
Product3,PP4-L2,20,0.0
Product3,PP4-L2,21,0.0
Product3,PP4-L2,22,0.0
Product3,PP4-L2,23,0.0
Product3,PP4-L2,24,0.0
Product3,PP4-L2,25,0.0
Product3,PP4-L2,26,0.0
Product3,PP4-L2,27,0.0
Product3,PP4-L2,28,0.0
Product3,PP4-L2,29,0.0
Product3,PP4-L2,30,0.0
Product3,PP4-L2,31,0.0
Product3,PP4-L2,32,0.0
Product3,PP4-L2,33,0.0
Product3,PP4-L2,34,80.0
Product3,PP4-L2,35,0.0
Product3,PP4-L3,1,0.0
Product3,PP4-L3,2,0.0
Product3,PP4-L3,3,0.0
Product3,PP4-L3,4,0.0
Product3,PP4-L3,5,0.0
Product3,PP4-L3,6,0.0
Product3,PP4-L3,7,0.0
Product3,PP4-L3,8,0.0
Product3,PP4-L3,9,0.0
Product3,PP4-L3,10,0.0
Product3,PP4-L3,11,0.0
Product3,PP4-L3,12,0.0
Product3,PP4-L3,13,0.0
Product3,PP4-L3,14,0.0
Product3,PP4-L3,15,0.0
Product3,PP4-L3,16,0.0
Product3,PP4-L3,17,0.0
Product3,PP4-L3,18,0.0
Product3,PP4-L3,19,0.0
Product3,PP4-L3,20,0.0
Product3,PP4-L3,21,0.0
Product3,PP4-L3,22,0.0
Product3,PP4-L3,23,0.0
Product3,PP4-L3,24,0.0
Product3,PP4-L3,25,200.0
Product3,PP4-L3,26,0.0
Product3,PP4-L3,27,0.0
Product3,PP4-L3,28,0.0
Product3,PP4-L3,29,0.0
Product3,PP4-L3,30,40.0
Product3,PP4-L3,31,0.0
Product3,PP4-L3,32,160.0
Product3,PP4-L3,33,0.0
Product3,PP4-L3,34,0.0
Product3,PP4-L3,35,200.0
Product3,PP4-L4,1,0.0
Product3,PP4-L4,2,0.0
Product3,PP4-L4,3,0.0
Product3,PP4-L4,4,0.0
Product3,PP4-L4,5,0.0
Product3,PP4-L4,6,0.0
Product3,PP4-L4,7,0.0
Product3,PP4-L4,8,0.0
Product3,PP4-L4,9,0.0
Product3,PP4-L4,10,0.0
Product3,PP4-L4,11,0.0
Product3,PP4-L4,12,0.0
Product3,PP4-L4,13,0.0
Product3,PP4-L4,14,0.0
Product3,PP4-L4,15,0.0
Product3,PP4-L4,16,0.0
Product3,PP4-L4,17,0.0
Product3,PP4-L4,18,0.0
Product3,PP4-L4,19,0.0
Product3,PP4-L4,20,0.0
Product3,PP4-L4,21,0.0
Product3,PP4-L4,22,0.0
Product3,PP4-L4,23,0.0
Product3,PP4-L4,24,0.0
Product3,PP4-L4,25,0.0
Product3,PP4-L4,26,0.0
Product3,PP4-L4,27,0.0
Product3,PP4-L4,28,0.0
Product3,PP4-L4,29,0.0
Product3,PP4-L4,30,160.0
Product3,PP4-L4,31,200.0
Product3,PP4-L4,32,0.0
Product3,PP4-L4,33,0.0
Product3,PP4-L4,34,40.0
Product3,PP4-L4,35,0.0
Product4,PP0-L0,1,0.0
Product4,PP0-L0,2,0.0
Product4,PP0-L0,3,0.0
Product4,PP0-L0,4,0.0
Product4,PP0-L0,5,0.0
Product4,PP0-L0,6,0.0
Product4,PP0-L0,7,0.0
Product4,PP0-L0,8,0.0
Product4,PP0-L0,9,0.0
Product4,PP0-L0,10,0.0
Product4,PP0-L0,11,0.0
Product4,PP0-L0,12,0.0
Product4,PP0-L0,13,0.0
Product4,PP0-L0,14,0.0
Product4,PP0-L0,15,0.0
Product4,PP0-L0,16,0.0
Product4,PP0-L0,17,0.0
Product4,PP0-L0,18,0.0
Product4,PP0-L0,19,0.0
Product4,PP0-L0,20,0.0
Product4,PP0-L0,21,0.0
Product4,PP0-L0,22,0.0
Product4,PP0-L0,23,0.0
Product4,PP0-L0,24,0.0
Product4,PP0-L0,25,0.0
Product4,PP0-L0,26,0.0
Product4,PP0-L0,27,0.0
Product4,PP0-L0,28,0.0
Product4,PP0-L0,29,0.0
Product4,PP0-L0,30,0.0
Product4,PP0-L0,31,0.0
Product4,PP0-L0,32,200.0
Product4,PP0-L0,33,40.0
Product4,PP0-L0,34,120.0
Product4,PP0-L0,35,0.0
Product4,PP0-L1,1,0.0
Product4,PP0-L1,2,0.0
Product4,PP0-L1,3,0.0
Product4,PP0-L1,4,0.0
Product4,PP0-L1,5,0.0
Product4,PP0-L1,6,0.0
Product4,PP0-L1,7,0.0
Product4,PP0-L1,8,0.0
Product4,PP0-L1,9,0.0
Product4,PP0-L1,10,0.0
Product4,PP0-L1,11,0.0
Product4,PP0-L1,12,0.0
Product4,PP0-L1,13,0.0
Product4,PP0-L1,14,0.0
Product4,PP0-L1,15,0.0
Product4,PP0-L1,16,0.0
Product4,PP0-L1,17,0.0
Product4,PP0-L1,18,0.0
Product4,PP0-L1,19,0.0
Product4,PP0-L1,20,0.0
Product4,PP0-L1,21,0.0
Product4,PP0-L1,22,0.0
Product4,PP0-L1,23,0.0
Product4,PP0-L1,24,120.0
Product4,PP0-L1,25,0.0
Product4,PP0-L1,26,0.0
Product4,PP0-L1,27,0.0
Product4,PP0-L1,28,0.0
Product4,PP0-L1,29,0.0
Product4,PP0-L1,30,0.0
Product4,PP0-L1,31,160.0
Product4,PP0-L1,32,0.0
Product4,PP0-L1,33,0.0
Product4,PP0-L1,34,80.0
Product4,PP0-L1,35,0.0
Product4,PP0-L2,1,0.0
Product4,PP0-L2,2,0.0
Product4,PP0-L2,3,0.0
Product4,PP0-L2,4,0.0
Product4,PP0-L2,5,0.0
Product4,PP0-L2,6,0.0
Product4,PP0-L2,7,0.0
Product4,PP0-L2,8,0.0
Product4,PP0-L2,9,0.0
Product4,PP0-L2,10,0.0
Product4,PP0-L2,11,0.0
Product4,PP0-L2,12,0.0
Product4,PP0-L2,13,0.0
Product4,PP0-L2,14,0.0
Product4,PP0-L2,15,0.0
Product4,PP0-L2,16,0.0
Product4,PP0-L2,17,0.0
Product4,PP0-L2,18,0.0
Product4,PP0-L2,19,0.0
Product4,PP0-L2,20,0.0
Product4,PP0-L2,21,0.0
Product4,PP0-L2,22,0.0
Product4,PP0-L2,23,0.0
Product4,PP0-L2,24,0.0
Product4,PP0-L2,25,0.0
Product4,PP0-L2,26,0.0
Product4,PP0-L2,27,0.0
Product4,PP0-L2,28,0.0
Product4,PP0-L2,29,0.0
Product4,PP0-L2,30,0.0
Product4,PP0-L2,31,40.0
Product4,PP0-L2,32,0.0
Product4,PP0-L2,33,160.0
Product4,PP0-L2,34,0.0
Product4,PP0-L2,35,0.0
Product4,PP0-L3,1,0.0
Product4,PP0-L3,2,0.0
Product4,PP0-L3,3,0.0
Product4,PP0-L3,4,0.0
Product4,PP0-L3,5,0.0
Product4,PP0-L3,6,0.0
Product4,PP0-L3,7,0.0
Product4,PP0-L3,8,0.0
Product4,PP0-L3,9,0.0
Product4,PP0-L3,10,0.0
Product4,PP0-L3,11,0.0
Product4,PP0-L3,12,0.0
Product4,PP0-L3,13,0.0
Product4,PP0-L3,14,0.0
Product4,PP0-L3,15,0.0
Product4,PP0-L3,16,0.0
Product4,PP0-L3,17,0.0
Product4,PP0-L3,18,0.0
Product4,PP0-L3,19,0.0
Product4,PP0-L3,20,0.0
Product4,PP0-L3,21,0.0
Product4,PP0-L3,22,0.0
Product4,PP0-L3,23,0.0
Product4,PP0-L3,24,40.0
Product4,PP0-L3,25,0.0
Product4,PP0-L3,26,0.0
Product4,PP0-L3,27,0.0
Product4,PP0-L3,28,200.0
Product4,PP0-L3,29,0.0
Product4,PP0-L3,30,0.0
Product4,PP0-L3,31,0.0
Product4,PP0-L3,32,0.0
Product4,PP0-L3,33,0.0
Product4,PP0-L3,34,0.0
Product4,PP0-L3,35,0.0
Product4,PP0-L4,1,0.0
Product4,PP0-L4,2,0.0
Product4,PP0-L4,3,0.0
Product4,PP0-L4,4,0.0
Product4,PP0-L4,5,0.0
Product4,PP0-L4,6,0.0
Product4,PP0-L4,7,0.0
Product4,PP0-L4,8,0.0
Product4,PP0-L4,9,0.0
Product4,PP0-L4,10,0.0
Product4,PP0-L4,11,0.0
Product4,PP0-L4,12,0.0
Product4,PP0-L4,13,0.0
Product4,PP0-L4,14,0.0
Product4,PP0-L4,15,0.0
Product4,PP0-L4,16,0.0
Product4,PP0-L4,17,0.0
Product4,PP0-L4,18,0.0
Product4,PP0-L4,19,0.0
Product4,PP0-L4,20,0.0
Product4,PP0-L4,21,0.0
Product4,PP0-L4,22,0.0
Product4,PP0-L4,23,0.0
Product4,PP0-L4,24,40.0
Product4,PP0-L4,25,0.0
Product4,PP0-L4,26,200.0
Product4,PP0-L4,27,200.0
Product4,PP0-L4,28,0.0
Product4,PP0-L4,29,0.0
Product4,PP0-L4,30,0.0
Product4,PP0-L4,31,0.0
Product4,PP0-L4,32,0.0
Product4,PP0-L4,33,0.0
Product4,PP0-L4,34,0.0
Product4,PP0-L4,35,0.0
Product4,PP1-L0,1,0.0
Product4,PP1-L0,2,0.0
Product4,PP1-L0,3,0.0
Product4,PP1-L0,4,0.0
Product4,PP1-L0,5,0.0
Product4,PP1-L0,6,0.0
Product4,PP1-L0,7,0.0
Product4,PP1-L0,8,0.0
Product4,PP1-L0,9,0.0
Product4,PP1-L0,10,0.0
Product4,PP1-L0,11,0.0
Product4,PP1-L0,12,0.0
Product4,PP1-L0,13,0.0
Product4,PP1-L0,14,0.0
Product4,PP1-L0,15,0.0
Product4,PP1-L0,16,0.0
Product4,PP1-L0,17,0.0
Product4,PP1-L0,18,0.0
Product4,PP1-L0,19,0.0
Product4,PP1-L0,20,0.0
Product4,PP1-L0,21,0.0
Product4,PP1-L0,22,0.0
Product4,PP1-L0,23,0.0
Product4,PP1-L0,24,200.0
Product4,PP1-L0,25,0.0
Product4,PP1-L0,26,0.0
Product4,PP1-L0,27,200.0
Product4,PP1-L0,28,0.0
Product4,PP1-L0,29,0.0
Product4,PP1-L0,30,0.0
Product4,PP1-L0,31,0.0
Product4,PP1-L0,32,0.0
Product4,PP1-L0,33,0.0
Product4,PP1-L0,34,0.0
Product4,PP1-L0,35,0.0
Product4,PP1-L1,1,0.0
Product4,PP1-L1,2,0.0
Product4,PP1-L1,3,0.0
Product4,PP1-L1,4,0.0
Product4,PP1-L1,5,0.0
Product4,PP1-L1,6,0.0
Product4,PP1-L1,7,0.0
Product4,PP1-L1,8,0.0
Product4,PP1-L1,9,0.0
Product4,PP1-L1,10,0.0
Product4,PP1-L1,11,0.0
Product4,PP1-L1,12,0.0
Product4,PP1-L1,13,0.0
Product4,PP1-L1,14,0.0
Product4,PP1-L1,15,0.0
Product4,PP1-L1,16,0.0
Product4,PP1-L1,17,0.0
Product4,PP1-L1,18,0.0
Product4,PP1-L1,19,0.0
Product4,PP1-L1,20,0.0
Product4,PP1-L1,21,0.0
Product4,PP1-L1,22,0.0
Product4,PP1-L1,23,0.0
Product4,PP1-L1,24,0.0
Product4,PP1-L1,25,0.0
Product4,PP1-L1,26,0.0
Product4,PP1-L1,27,0.0
Product4,PP1-L1,28,0.0
Product4,PP1-L1,29,0.0
Product4,PP1-L1,30,0.0
Product4,PP1-L1,31,0.0
Product4,PP1-L1,32,0.0
Product4,PP1-L1,33,0.0
Product4,PP1-L1,34,0.0
Product4,PP1-L1,35,0.0
Product4,PP1-L2,1,0.0
Product4,PP1-L2,2,0.0
Product4,PP1-L2,3,0.0
Product4,PP1-L2,4,0.0
Product4,PP1-L2,5,0.0
Product4,PP1-L2,6,0.0
Product4,PP1-L2,7,0.0
Product4,PP1-L2,8,0.0
Product4,PP1-L2,9,0.0
Product4,PP1-L2,10,0.0
Product4,PP1-L2,11,0.0
Product4,PP1-L2,12,0.0
Product4,PP1-L2,13,0.0
Product4,PP1-L2,14,0.0
Product4,PP1-L2,15,0.0
Product4,PP1-L2,16,0.0
Product4,PP1-L2,17,0.0
Product4,PP1-L2,18,0.0
Product4,PP1-L2,19,0.0
Product4,PP1-L2,20,0.0
Product4,PP1-L2,21,0.0
Product4,PP1-L2,22,0.0
Product4,PP1-L2,23,0.0
Product4,PP1-L2,24,0.0
Product4,PP1-L2,25,0.0
Product4,PP1-L2,26,40.0
Product4,PP1-L2,27,0.0
Product4,PP1-L2,28,200.0
Product4,PP1-L2,29,0.0
Product4,PP1-L2,30,0.0
Product4,PP1-L2,31,0.0
Product4,PP1-L2,32,0.0
Product4,PP1-L2,33,0.0
Product4,PP1-L2,34,0.0
Product4,PP1-L2,35,0.0
Product4,PP1-L3,1,0.0
Product4,PP1-L3,2,0.0
Product4,PP1-L3,3,0.0
Product4,PP1-L3,4,0.0
Product4,PP1-L3,5,0.0
Product4,PP1-L3,6,0.0
Product4,PP1-L3,7,0.0
Product4,PP1-L3,8,0.0
Product4,PP1-L3,9,0.0
Product4,PP1-L3,10,0.0
Product4,PP1-L3,11,0.0
Product4,PP1-L3,12,0.0
Product4,PP1-L3,13,0.0
Product4,PP1-L3,14,0.0
Product4,PP1-L3,15,0.0
Product4,PP1-L3,16,0.0
Product4,PP1-L3,17,0.0
Product4,PP1-L3,18,0.0
Product4,PP1-L3,19,0.0
Product4,PP1-L3,20,0.0
Product4,PP1-L3,21,0.0
Product4,PP1-L3,22,0.0
Product4,PP1-L3,23,0.0
Product4,PP1-L3,24,0.0
Product4,PP1-L3,25,200.0
Product4,PP1-L3,26,0.0
Product4,PP1-L3,27,0.0
Product4,PP1-L3,28,0.0
Product4,PP1-L3,29,200.0
Product4,PP1-L3,30,0.0
Product4,PP1-L3,31,0.0
Product4,PP1-L3,32,0.0
Product4,PP1-L3,33,0.0
Product4,PP1-L3,34,0.0
Product4,PP1-L3,35,0.0
Product4,PP1-L4,1,0.0
Product4,PP1-L4,2,0.0
Product4,PP1-L4,3,0.0
Product4,PP1-L4,4,0.0
Product4,PP1-L4,5,0.0
Product4,PP1-L4,6,0.0
Product4,PP1-L4,7,0.0
Product4,PP1-L4,8,0.0
Product4,PP1-L4,9,0.0
Product4,PP1-L4,10,0.0
Product4,PP1-L4,11,0.0
Product4,PP1-L4,12,0.0
Product4,PP1-L4,13,0.0
Product4,PP1-L4,14,0.0
Product4,PP1-L4,15,0.0
Product4,PP1-L4,16,0.0
Product4,PP1-L4,17,0.0
Product4,PP1-L4,18,0.0
Product4,PP1-L4,19,0.0
Product4,PP1-L4,20,0.0
Product4,PP1-L4,21,0.0
Product4,PP1-L4,22,0.0
Product4,PP1-L4,23,0.0
Product4,PP1-L4,24,0.0
Product4,PP1-L4,25,0.0
Product4,PP1-L4,26,160.0
Product4,PP1-L4,27,0.0
Product4,PP1-L4,28,0.0
Product4,PP1-L4,29,0.0
Product4,PP1-L4,30,200.0
Product4,PP1-L4,31,0.0
Product4,PP1-L4,32,0.0
Product4,PP1-L4,33,0.0
Product4,PP1-L4,34,200.0
Product4,PP1-L4,35,0.0
Product4,PP2-L0,1,0.0
Product4,PP2-L0,2,0.0
Product4,PP2-L0,3,0.0
Product4,PP2-L0,4,0.0
Product4,PP2-L0,5,0.0
Product4,PP2-L0,6,0.0
Product4,PP2-L0,7,0.0
Product4,PP2-L0,8,0.0
Product4,PP2-L0,9,0.0
Product4,PP2-L0,10,0.0
Product4,PP2-L0,11,0.0
Product4,PP2-L0,12,0.0
Product4,PP2-L0,13,0.0
Product4,PP2-L0,14,0.0
Product4,PP2-L0,15,0.0
Product4,PP2-L0,16,0.0
Product4,PP2-L0,17,0.0
Product4,PP2-L0,18,0.0
Product4,PP2-L0,19,0.0
Product4,PP2-L0,20,0.0
Product4,PP2-L0,21,0.0
Product4,PP2-L0,22,0.0
Product4,PP2-L0,23,0.0
Product4,PP2-L0,24,0.0
Product4,PP2-L0,25,0.0
Product4,PP2-L0,26,160.0
Product4,PP2-L0,27,80.0
Product4,PP2-L0,28,0.0
Product4,PP2-L0,29,0.0
Product4,PP2-L0,30,0.0
Product4,PP2-L0,31,0.0
Product4,PP2-L0,32,200.0
Product4,PP2-L0,33,0.0
Product4,PP2-L0,34,200.0
Product4,PP2-L0,35,0.0
Product4,PP2-L1,1,0.0
Product4,PP2-L1,2,0.0
Product4,PP2-L1,3,0.0
Product4,PP2-L1,4,0.0
Product4,PP2-L1,5,0.0
Product4,PP2-L1,6,0.0
Product4,PP2-L1,7,0.0
Product4,PP2-L1,8,0.0
Product4,PP2-L1,9,0.0
Product4,PP2-L1,10,0.0
Product4,PP2-L1,11,0.0
Product4,PP2-L1,12,0.0
Product4,PP2-L1,13,0.0
Product4,PP2-L1,14,0.0
Product4,PP2-L1,15,0.0
Product4,PP2-L1,16,0.0
Product4,PP2-L1,17,0.0
Product4,PP2-L1,18,0.0
Product4,PP2-L1,19,0.0
Product4,PP2-L1,20,0.0
Product4,PP2-L1,21,0.0
Product4,PP2-L1,22,0.0
Product4,PP2-L1,23,0.0
Product4,PP2-L1,24,0.0
Product4,PP2-L1,25,0.0
Product4,PP2-L1,26,0.0
Product4,PP2-L1,27,0.0
Product4,PP2-L1,28,0.0
Product4,PP2-L1,29,0.0
Product4,PP2-L1,30,0.0
Product4,PP2-L1,31,80.0
Product4,PP2-L1,32,0.0
Product4,PP2-L1,33,0.0
Product4,PP2-L1,34,0.0
Product4,PP2-L1,35,0.0
Product4,PP2-L2,1,0.0
Product4,PP2-L2,2,0.0
Product4,PP2-L2,3,0.0
Product4,PP2-L2,4,0.0
Product4,PP2-L2,5,0.0
Product4,PP2-L2,6,0.0
Product4,PP2-L2,7,0.0
Product4,PP2-L2,8,0.0
Product4,PP2-L2,9,0.0
Product4,PP2-L2,10,0.0
Product4,PP2-L2,11,0.0
Product4,PP2-L2,12,0.0
Product4,PP2-L2,13,0.0
Product4,PP2-L2,14,0.0
Product4,PP2-L2,15,0.0
Product4,PP2-L2,16,0.0
Product4,PP2-L2,17,0.0
Product4,PP2-L2,18,0.0
Product4,PP2-L2,19,0.0
Product4,PP2-L2,20,0.0
Product4,PP2-L2,21,0.0
Product4,PP2-L2,22,0.0
Product4,PP2-L2,23,0.0
Product4,PP2-L2,24,0.0
Product4,PP2-L2,25,0.0
Product4,PP2-L2,26,40.0
Product4,PP2-L2,27,0.0
Product4,PP2-L2,28,0.0
Product4,PP2-L2,29,0.0
Product4,PP2-L2,30,0.0
Product4,PP2-L2,31,0.0
Product4,PP2-L2,32,0.0
Product4,PP2-L2,33,0.0
Product4,PP2-L2,34,0.0
Product4,PP2-L2,35,40.0
Product4,PP2-L3,1,0.0
Product4,PP2-L3,2,0.0
Product4,PP2-L3,3,0.0
Product4,PP2-L3,4,0.0
Product4,PP2-L3,5,0.0
Product4,PP2-L3,6,0.0
Product4,PP2-L3,7,0.0
Product4,PP2-L3,8,0.0
Product4,PP2-L3,9,0.0
Product4,PP2-L3,10,0.0
Product4,PP2-L3,11,0.0
Product4,PP2-L3,12,0.0
Product4,PP2-L3,13,0.0
Product4,PP2-L3,14,0.0
Product4,PP2-L3,15,0.0
Product4,PP2-L3,16,0.0
Product4,PP2-L3,17,0.0
Product4,PP2-L3,18,0.0
Product4,PP2-L3,19,0.0
Product4,PP2-L3,20,0.0
Product4,PP2-L3,21,0.0
Product4,PP2-L3,22,0.0
Product4,PP2-L3,23,0.0
Product4,PP2-L3,24,200.0
Product4,PP2-L3,25,200.0
Product4,PP2-L3,26,0.0
Product4,PP2-L3,27,0.0
Product4,PP2-L3,28,0.0
Product4,PP2-L3,29,0.0
Product4,PP2-L3,30,0.0
Product4,PP2-L3,31,0.0
Product4,PP2-L3,32,0.0
Product4,PP2-L3,33,0.0
Product4,PP2-L3,34,0.0
Product4,PP2-L3,35,0.0
Product4,PP2-L4,1,0.0
Product4,PP2-L4,2,0.0
Product4,PP2-L4,3,0.0
Product4,PP2-L4,4,0.0
Product4,PP2-L4,5,0.0
Product4,PP2-L4,6,0.0
Product4,PP2-L4,7,0.0
Product4,PP2-L4,8,0.0
Product4,PP2-L4,9,0.0
Product4,PP2-L4,10,0.0
Product4,PP2-L4,11,0.0
Product4,PP2-L4,12,0.0
Product4,PP2-L4,13,0.0
Product4,PP2-L4,14,0.0
Product4,PP2-L4,15,0.0
Product4,PP2-L4,16,0.0
Product4,PP2-L4,17,0.0
Product4,PP2-L4,18,0.0
Product4,PP2-L4,19,0.0
Product4,PP2-L4,20,0.0
Product4,PP2-L4,21,0.0
Product4,PP2-L4,22,0.0
Product4,PP2-L4,23,0.0
Product4,PP2-L4,24,0.0
Product4,PP2-L4,25,0.0
Product4,PP2-L4,26,0.0
Product4,PP2-L4,27,0.0
Product4,PP2-L4,28,0.0
Product4,PP2-L4,29,200.0
Product4,PP2-L4,30,0.0
Product4,PP2-L4,31,120.0
Product4,PP2-L4,32,0.0
Product4,PP2-L4,33,0.0
Product4,PP2-L4,34,0.0
Product4,PP2-L4,35,80.0
Product4,PP3-L0,1,0.0
Product4,PP3-L0,2,0.0
Product4,PP3-L0,3,0.0
Product4,PP3-L0,4,0.0
Product4,PP3-L0,5,0.0
Product4,PP3-L0,6,0.0
Product4,PP3-L0,7,0.0
Product4,PP3-L0,8,0.0
Product4,PP3-L0,9,0.0
Product4,PP3-L0,10,0.0
Product4,PP3-L0,11,0.0
Product4,PP3-L0,12,0.0
Product4,PP3-L0,13,0.0
Product4,PP3-L0,14,0.0
Product4,PP3-L0,15,0.0
Product4,PP3-L0,16,0.0
Product4,PP3-L0,17,0.0
Product4,PP3-L0,18,0.0
Product4,PP3-L0,19,0.0
Product4,PP3-L0,20,0.0
Product4,PP3-L0,21,0.0
Product4,PP3-L0,22,0.0
Product4,PP3-L0,23,0.0
Product4,PP3-L0,24,0.0
Product4,PP3-L0,25,0.0
Product4,PP3-L0,26,0.0
Product4,PP3-L0,27,0.0
Product4,PP3-L0,28,40.0
Product4,PP3-L0,29,0.0
Product4,PP3-L0,30,0.0
Product4,PP3-L0,31,0.0
Product4,PP3-L0,32,0.0
Product4,PP3-L0,33,200.0
Product4,PP3-L0,34,0.0
Product4,PP3-L0,35,0.0
Product4,PP3-L1,1,0.0
Product4,PP3-L1,2,0.0
Product4,PP3-L1,3,0.0
Product4,PP3-L1,4,0.0
Product4,PP3-L1,5,0.0
Product4,PP3-L1,6,0.0
Product4,PP3-L1,7,0.0
Product4,PP3-L1,8,0.0
Product4,PP3-L1,9,0.0
Product4,PP3-L1,10,0.0
Product4,PP3-L1,11,0.0
Product4,PP3-L1,12,0.0
Product4,PP3-L1,13,0.0
Product4,PP3-L1,14,0.0
Product4,PP3-L1,15,0.0
Product4,PP3-L1,16,0.0
Product4,PP3-L1,17,0.0
Product4,PP3-L1,18,0.0
Product4,PP3-L1,19,0.0
Product4,PP3-L1,20,0.0
Product4,PP3-L1,21,0.0
Product4,PP3-L1,22,0.0
Product4,PP3-L1,23,0.0
Product4,PP3-L1,24,0.0
Product4,PP3-L1,25,0.0
Product4,PP3-L1,26,40.0
Product4,PP3-L1,27,0.0
Product4,PP3-L1,28,160.0
Product4,PP3-L1,29,200.0
Product4,PP3-L1,30,0.0
Product4,PP3-L1,31,0.0
Product4,PP3-L1,32,0.0
Product4,PP3-L1,33,0.0
Product4,PP3-L1,34,0.0
Product4,PP3-L1,35,200.0
Product4,PP3-L2,1,0.0
Product4,PP3-L2,2,0.0
Product4,PP3-L2,3,0.0
Product4,PP3-L2,4,0.0
Product4,PP3-L2,5,0.0
Product4,PP3-L2,6,0.0
Product4,PP3-L2,7,0.0
Product4,PP3-L2,8,0.0
Product4,PP3-L2,9,0.0
Product4,PP3-L2,10,0.0
Product4,PP3-L2,11,0.0
Product4,PP3-L2,12,0.0
Product4,PP3-L2,13,0.0
Product4,PP3-L2,14,0.0
Product4,PP3-L2,15,0.0
Product4,PP3-L2,16,0.0
Product4,PP3-L2,17,0.0
Product4,PP3-L2,18,0.0
Product4,PP3-L2,19,0.0
Product4,PP3-L2,20,0.0
Product4,PP3-L2,21,0.0
Product4,PP3-L2,22,0.0
Product4,PP3-L2,23,0.0
Product4,PP3-L2,24,0.0
Product4,PP3-L2,25,0.0
Product4,PP3-L2,26,0.0
Product4,PP3-L2,27,200.0
Product4,PP3-L2,28,0.0
Product4,PP3-L2,29,0.0
Product4,PP3-L2,30,0.0
Product4,PP3-L2,31,120.0
Product4,PP3-L2,32,0.0
Product4,PP3-L2,33,0.0
Product4,PP3-L2,34,40.0
Product4,PP3-L2,35,0.0
Product4,PP3-L3,1,0.0
Product4,PP3-L3,2,0.0
Product4,PP3-L3,3,0.0
Product4,PP3-L3,4,0.0
Product4,PP3-L3,5,0.0
Product4,PP3-L3,6,0.0
Product4,PP3-L3,7,0.0
Product4,PP3-L3,8,0.0
Product4,PP3-L3,9,0.0
Product4,PP3-L3,10,0.0
Product4,PP3-L3,11,0.0
Product4,PP3-L3,12,0.0
Product4,PP3-L3,13,0.0
Product4,PP3-L3,14,0.0
Product4,PP3-L3,15,0.0
Product4,PP3-L3,16,0.0
Product4,PP3-L3,17,0.0
Product4,PP3-L3,18,0.0
Product4,PP3-L3,19,0.0
Product4,PP3-L3,20,0.0
Product4,PP3-L3,21,0.0
Product4,PP3-L3,22,0.0
Product4,PP3-L3,23,0.0
Product4,PP3-L3,24,0.0
Product4,PP3-L3,25,0.0
Product4,PP3-L3,26,160.0
Product4,PP3-L3,27,0.0
Product4,PP3-L3,28,0.0
Product4,PP3-L3,29,0.0
Product4,PP3-L3,30,0.0
Product4,PP3-L3,31,80.0
Product4,PP3-L3,32,0.0
Product4,PP3-L3,33,0.0
Product4,PP3-L3,34,0.0
Product4,PP3-L3,35,0.0
Product4,PP3-L4,1,0.0
Product4,PP3-L4,2,0.0
Product4,PP3-L4,3,0.0
Product4,PP3-L4,4,0.0
Product4,PP3-L4,5,0.0
Product4,PP3-L4,6,0.0
Product4,PP3-L4,7,0.0
Product4,PP3-L4,8,0.0
Product4,PP3-L4,9,0.0
Product4,PP3-L4,10,0.0
Product4,PP3-L4,11,0.0
Product4,PP3-L4,12,0.0
Product4,PP3-L4,13,0.0
Product4,PP3-L4,14,0.0
Product4,PP3-L4,15,0.0
Product4,PP3-L4,16,0.0
Product4,PP3-L4,17,0.0
Product4,PP3-L4,18,0.0
Product4,PP3-L4,19,0.0
Product4,PP3-L4,20,0.0
Product4,PP3-L4,21,0.0
Product4,PP3-L4,22,0.0
Product4,PP3-L4,23,0.0
Product4,PP3-L4,24,0.0
Product4,PP3-L4,25,200.0
Product4,PP3-L4,26,0.0
Product4,PP3-L4,27,0.0
Product4,PP3-L4,28,0.0
Product4,PP3-L4,29,0.0
Product4,PP3-L4,30,0.0
Product4,PP3-L4,31,0.0
Product4,PP3-L4,32,200.0
Product4,PP3-L4,33,0.0
Product4,PP3-L4,34,0.0
Product4,PP3-L4,35,0.0
Product4,PP4-L0,1,0.0
Product4,PP4-L0,2,0.0
Product4,PP4-L0,3,0.0
Product4,PP4-L0,4,0.0
Product4,PP4-L0,5,0.0
Product4,PP4-L0,6,0.0
Product4,PP4-L0,7,0.0
Product4,PP4-L0,8,0.0
Product4,PP4-L0,9,0.0
Product4,PP4-L0,10,0.0
Product4,PP4-L0,11,0.0
Product4,PP4-L0,12,0.0
Product4,PP4-L0,13,0.0
Product4,PP4-L0,14,0.0
Product4,PP4-L0,15,0.0
Product4,PP4-L0,16,0.0
Product4,PP4-L0,17,0.0
Product4,PP4-L0,18,0.0
Product4,PP4-L0,19,0.0
Product4,PP4-L0,20,0.0
Product4,PP4-L0,21,0.0
Product4,PP4-L0,22,0.0
Product4,PP4-L0,23,0.0
Product4,PP4-L0,24,0.0
Product4,PP4-L0,25,0.0
Product4,PP4-L0,26,0.0
Product4,PP4-L0,27,0.0
Product4,PP4-L0,28,0.0
Product4,PP4-L0,29,0.0
Product4,PP4-L0,30,0.0
Product4,PP4-L0,31,0.0
Product4,PP4-L0,32,0.0
Product4,PP4-L0,33,0.0
Product4,PP4-L0,34,0.0
Product4,PP4-L0,35,0.0
Product4,PP4-L1,1,0.0
Product4,PP4-L1,2,0.0
Product4,PP4-L1,3,0.0
Product4,PP4-L1,4,0.0
Product4,PP4-L1,5,0.0
Product4,PP4-L1,6,0.0
Product4,PP4-L1,7,0.0
Product4,PP4-L1,8,0.0
Product4,PP4-L1,9,0.0
Product4,PP4-L1,10,0.0
Product4,PP4-L1,11,0.0
Product4,PP4-L1,12,0.0
Product4,PP4-L1,13,0.0
Product4,PP4-L1,14,0.0
Product4,PP4-L1,15,0.0
Product4,PP4-L1,16,0.0
Product4,PP4-L1,17,0.0
Product4,PP4-L1,18,0.0
Product4,PP4-L1,19,0.0
Product4,PP4-L1,20,0.0
Product4,PP4-L1,21,0.0
Product4,PP4-L1,22,0.0
Product4,PP4-L1,23,0.0
Product4,PP4-L1,24,0.0
Product4,PP4-L1,25,0.0
Product4,PP4-L1,26,0.0
Product4,PP4-L1,27,0.0
Product4,PP4-L1,28,0.0
Product4,PP4-L1,29,0.0
Product4,PP4-L1,30,80.0
Product4,PP4-L1,31,0.0
Product4,PP4-L1,32,0.0
Product4,PP4-L1,33,0.0
Product4,PP4-L1,34,200.0
Product4,PP4-L1,35,0.0
Product4,PP4-L2,1,0.0
Product4,PP4-L2,2,0.0
Product4,PP4-L2,3,0.0
Product4,PP4-L2,4,0.0
Product4,PP4-L2,5,0.0
Product4,PP4-L2,6,0.0
Product4,PP4-L2,7,0.0
Product4,PP4-L2,8,0.0
Product4,PP4-L2,9,0.0
Product4,PP4-L2,10,0.0
Product4,PP4-L2,11,0.0
Product4,PP4-L2,12,0.0
Product4,PP4-L2,13,0.0
Product4,PP4-L2,14,0.0
Product4,PP4-L2,15,0.0
Product4,PP4-L2,16,0.0
Product4,PP4-L2,17,0.0
Product4,PP4-L2,18,0.0
Product4,PP4-L2,19,0.0
Product4,PP4-L2,20,0.0
Product4,PP4-L2,21,0.0
Product4,PP4-L2,22,0.0
Product4,PP4-L2,23,0.0
Product4,PP4-L2,24,0.0
Product4,PP4-L2,25,0.0
Product4,PP4-L2,26,160.0
Product4,PP4-L2,27,40.0
Product4,PP4-L2,28,0.0
Product4,PP4-L2,29,200.0
Product4,PP4-L2,30,0.0
Product4,PP4-L2,31,200.0
Product4,PP4-L2,32,0.0
Product4,PP4-L2,33,0.0
Product4,PP4-L2,34,0.0
Product4,PP4-L2,35,0.0
Product4,PP4-L3,1,0.0
Product4,PP4-L3,2,0.0
Product4,PP4-L3,3,0.0
Product4,PP4-L3,4,0.0
Product4,PP4-L3,5,0.0
Product4,PP4-L3,6,0.0
Product4,PP4-L3,7,0.0
Product4,PP4-L3,8,0.0
Product4,PP4-L3,9,0.0
Product4,PP4-L3,10,0.0
Product4,PP4-L3,11,0.0
Product4,PP4-L3,12,0.0
Product4,PP4-L3,13,0.0
Product4,PP4-L3,14,0.0
Product4,PP4-L3,15,0.0
Product4,PP4-L3,16,0.0
Product4,PP4-L3,17,0.0
Product4,PP4-L3,18,0.0
Product4,PP4-L3,19,0.0
Product4,PP4-L3,20,0.0
Product4,PP4-L3,21,0.0
Product4,PP4-L3,22,0.0
Product4,PP4-L3,23,0.0
Product4,PP4-L3,24,0.0
Product4,PP4-L3,25,0.0
Product4,PP4-L3,26,0.0
Product4,PP4-L3,27,0.0
Product4,PP4-L3,28,0.0
Product4,PP4-L3,29,0.0
Product4,PP4-L3,30,0.0
Product4,PP4-L3,31,0.0
Product4,PP4-L3,32,0.0
Product4,PP4-L3,33,0.0
Product4,PP4-L3,34,0.0
Product4,PP4-L3,35,0.0
Product4,PP4-L4,1,0.0
Product4,PP4-L4,2,0.0
Product4,PP4-L4,3,0.0
Product4,PP4-L4,4,0.0
Product4,PP4-L4,5,0.0
Product4,PP4-L4,6,0.0
Product4,PP4-L4,7,0.0
Product4,PP4-L4,8,0.0
Product4,PP4-L4,9,0.0
Product4,PP4-L4,10,0.0
Product4,PP4-L4,11,0.0
Product4,PP4-L4,12,0.0
Product4,PP4-L4,13,0.0
Product4,PP4-L4,14,0.0
Product4,PP4-L4,15,0.0
Product4,PP4-L4,16,0.0
Product4,PP4-L4,17,0.0
Product4,PP4-L4,18,0.0
Product4,PP4-L4,19,0.0
Product4,PP4-L4,20,0.0
Product4,PP4-L4,21,0.0
Product4,PP4-L4,22,0.0
Product4,PP4-L4,23,0.0
Product4,PP4-L4,24,0.0
Product4,PP4-L4,25,0.0
Product4,PP4-L4,26,40.0
Product4,PP4-L4,27,0.0
Product4,PP4-L4,28,0.0
Product4,PP4-L4,29,0.0
Product4,PP4-L4,30,80.0
Product4,PP4-L4,31,0.0
Product4,PP4-L4,32,0.0
Product4,PP4-L4,33,0.0
Product4,PP4-L4,34,0.0
Product4,PP4-L4,35,0.0
Product5,PP0-L0,1,0.0
Product5,PP0-L0,2,0.0
Product5,PP0-L0,3,0.0
Product5,PP0-L0,4,0.0
Product5,PP0-L0,5,0.0
Product5,PP0-L0,6,0.0
Product5,PP0-L0,7,0.0
Product5,PP0-L0,8,0.0
Product5,PP0-L0,9,0.0
Product5,PP0-L0,10,0.0
Product5,PP0-L0,11,0.0
Product5,PP0-L0,12,0.0
Product5,PP0-L0,13,0.0
Product5,PP0-L0,14,0.0
Product5,PP0-L0,15,0.0
Product5,PP0-L0,16,0.0
Product5,PP0-L0,17,0.0
Product5,PP0-L0,18,0.0
Product5,PP0-L0,19,0.0
Product5,PP0-L0,20,0.0
Product5,PP0-L0,21,0.0
Product5,PP0-L0,22,0.0
Product5,PP0-L0,23,0.0
Product5,PP0-L0,24,200.0
Product5,PP0-L0,25,0.0
Product5,PP0-L0,26,0.0
Product5,PP0-L0,27,0.0
Product5,PP0-L0,28,0.0
Product5,PP0-L0,29,40.0
Product5,PP0-L0,30,40.0
Product5,PP0-L0,31,0.0
Product5,PP0-L0,32,0.0
Product5,PP0-L0,33,0.0
Product5,PP0-L0,34,0.0
Product5,PP0-L0,35,160.0
Product5,PP0-L1,1,0.0
Product5,PP0-L1,2,0.0
Product5,PP0-L1,3,0.0
Product5,PP0-L1,4,0.0
Product5,PP0-L1,5,0.0
Product5,PP0-L1,6,0.0
Product5,PP0-L1,7,0.0
Product5,PP0-L1,8,0.0
Product5,PP0-L1,9,0.0
Product5,PP0-L1,10,0.0
Product5,PP0-L1,11,0.0
Product5,PP0-L1,12,0.0
Product5,PP0-L1,13,0.0
Product5,PP0-L1,14,0.0
Product5,PP0-L1,15,0.0
Product5,PP0-L1,16,0.0
Product5,PP0-L1,17,0.0
Product5,PP0-L1,18,0.0
Product5,PP0-L1,19,0.0
Product5,PP0-L1,20,0.0
Product5,PP0-L1,21,0.0
Product5,PP0-L1,22,0.0
Product5,PP0-L1,23,0.0
Product5,PP0-L1,24,0.0
Product5,PP0-L1,25,0.0
Product5,PP0-L1,26,0.0
Product5,PP0-L1,27,0.0
Product5,PP0-L1,28,80.0
Product5,PP0-L1,29,0.0
Product5,PP0-L1,30,0.0
Product5,PP0-L1,31,0.0
Product5,PP0-L1,32,0.0
Product5,PP0-L1,33,0.0
Product5,PP0-L1,34,0.0
Product5,PP0-L1,35,0.0
Product5,PP0-L2,1,0.0
Product5,PP0-L2,2,0.0
Product5,PP0-L2,3,0.0
Product5,PP0-L2,4,0.0
Product5,PP0-L2,5,0.0
Product5,PP0-L2,6,0.0
Product5,PP0-L2,7,0.0
Product5,PP0-L2,8,0.0
Product5,PP0-L2,9,0.0
Product5,PP0-L2,10,0.0
Product5,PP0-L2,11,0.0
Product5,PP0-L2,12,0.0
Product5,PP0-L2,13,0.0
Product5,PP0-L2,14,0.0
Product5,PP0-L2,15,0.0
Product5,PP0-L2,16,0.0
Product5,PP0-L2,17,0.0
Product5,PP0-L2,18,0.0
Product5,PP0-L2,19,0.0
Product5,PP0-L2,20,0.0
Product5,PP0-L2,21,0.0
Product5,PP0-L2,22,0.0
Product5,PP0-L2,23,0.0
Product5,PP0-L2,24,0.0
Product5,PP0-L2,25,200.0
Product5,PP0-L2,26,0.0
Product5,PP0-L2,27,0.0
Product5,PP0-L2,28,40.0
Product5,PP0-L2,29,40.0
Product5,PP0-L2,30,80.0
Product5,PP0-L2,31,0.0
Product5,PP0-L2,32,0.0
Product5,PP0-L2,33,0.0
Product5,PP0-L2,34,0.0
Product5,PP0-L2,35,0.0
Product5,PP0-L3,1,0.0
Product5,PP0-L3,2,0.0
Product5,PP0-L3,3,0.0
Product5,PP0-L3,4,0.0
Product5,PP0-L3,5,0.0
Product5,PP0-L3,6,0.0
Product5,PP0-L3,7,0.0
Product5,PP0-L3,8,0.0
Product5,PP0-L3,9,0.0
Product5,PP0-L3,10,0.0
Product5,PP0-L3,11,0.0
Product5,PP0-L3,12,0.0
Product5,PP0-L3,13,0.0
Product5,PP0-L3,14,0.0
Product5,PP0-L3,15,0.0
Product5,PP0-L3,16,0.0
Product5,PP0-L3,17,0.0
Product5,PP0-L3,18,0.0
Product5,PP0-L3,19,0.0
Product5,PP0-L3,20,0.0
Product5,PP0-L3,21,0.0
Product5,PP0-L3,22,0.0
Product5,PP0-L3,23,0.0
Product5,PP0-L3,24,0.0
Product5,PP0-L3,25,0.0
Product5,PP0-L3,26,0.0
Product5,PP0-L3,27,200.0
Product5,PP0-L3,28,0.0
Product5,PP0-L3,29,80.0
Product5,PP0-L3,30,80.0
Product5,PP0-L3,31,0.0
Product5,PP0-L3,32,80.0
Product5,PP0-L3,33,0.0
Product5,PP0-L3,34,0.0
Product5,PP0-L3,35,0.0
Product5,PP0-L4,1,0.0
Product5,PP0-L4,2,0.0
Product5,PP0-L4,3,0.0
Product5,PP0-L4,4,0.0
Product5,PP0-L4,5,0.0
Product5,PP0-L4,6,0.0
Product5,PP0-L4,7,0.0
Product5,PP0-L4,8,0.0
Product5,PP0-L4,9,0.0
Product5,PP0-L4,10,0.0
Product5,PP0-L4,11,0.0
Product5,PP0-L4,12,0.0
Product5,PP0-L4,13,0.0
Product5,PP0-L4,14,0.0
Product5,PP0-L4,15,0.0
Product5,PP0-L4,16,0.0
Product5,PP0-L4,17,0.0
Product5,PP0-L4,18,0.0
Product5,PP0-L4,19,0.0
Product5,PP0-L4,20,0.0
Product5,PP0-L4,21,0.0
Product5,PP0-L4,22,0.0
Product5,PP0-L4,23,0.0
Product5,PP0-L4,24,0.0
Product5,PP0-L4,25,0.0
Product5,PP0-L4,26,0.0
Product5,PP0-L4,27,0.0
Product5,PP0-L4,28,80.0
Product5,PP0-L4,29,40.0
Product5,PP0-L4,30,0.0
Product5,PP0-L4,31,160.0
Product5,PP0-L4,32,120.0
Product5,PP0-L4,33,0.0
Product5,PP0-L4,34,0.0
Product5,PP0-L4,35,0.0
Product5,PP1-L0,1,0.0
Product5,PP1-L0,2,0.0
Product5,PP1-L0,3,0.0
Product5,PP1-L0,4,0.0
Product5,PP1-L0,5,0.0
Product5,PP1-L0,6,0.0
Product5,PP1-L0,7,0.0
Product5,PP1-L0,8,0.0
Product5,PP1-L0,9,0.0
Product5,PP1-L0,10,0.0
Product5,PP1-L0,11,0.0
Product5,PP1-L0,12,0.0
Product5,PP1-L0,13,0.0
Product5,PP1-L0,14,0.0
Product5,PP1-L0,15,0.0
Product5,PP1-L0,16,0.0
Product5,PP1-L0,17,0.0
Product5,PP1-L0,18,0.0
Product5,PP1-L0,19,0.0
Product5,PP1-L0,20,0.0
Product5,PP1-L0,21,0.0
Product5,PP1-L0,22,0.0
Product5,PP1-L0,23,0.0
Product5,PP1-L0,24,0.0
Product5,PP1-L0,25,0.0
Product5,PP1-L0,26,0.0
Product5,PP1-L0,27,40.0
Product5,PP1-L0,28,40.0
Product5,PP1-L0,29,0.0
Product5,PP1-L0,30,0.0
Product5,PP1-L0,31,0.0
Product5,PP1-L0,32,0.0
Product5,PP1-L0,33,0.0
Product5,PP1-L0,34,0.0
Product5,PP1-L0,35,0.0
Product5,PP1-L1,1,0.0
Product5,PP1-L1,2,0.0
Product5,PP1-L1,3,0.0
Product5,PP1-L1,4,0.0
Product5,PP1-L1,5,0.0
Product5,PP1-L1,6,0.0
Product5,PP1-L1,7,0.0
Product5,PP1-L1,8,0.0
Product5,PP1-L1,9,0.0
Product5,PP1-L1,10,0.0
Product5,PP1-L1,11,0.0
Product5,PP1-L1,12,0.0
Product5,PP1-L1,13,0.0
Product5,PP1-L1,14,0.0
Product5,PP1-L1,15,0.0
Product5,PP1-L1,16,0.0
Product5,PP1-L1,17,0.0
Product5,PP1-L1,18,0.0
Product5,PP1-L1,19,0.0
Product5,PP1-L1,20,0.0
Product5,PP1-L1,21,0.0
Product5,PP1-L1,22,0.0
Product5,PP1-L1,23,0.0
Product5,PP1-L1,24,0.0
Product5,PP1-L1,25,0.0
Product5,PP1-L1,26,40.0
Product5,PP1-L1,27,0.0
Product5,PP1-L1,28,40.0
Product5,PP1-L1,29,80.0
Product5,PP1-L1,30,0.0
Product5,PP1-L1,31,0.0
Product5,PP1-L1,32,0.0
Product5,PP1-L1,33,120.0
Product5,PP1-L1,34,0.0
Product5,PP1-L1,35,0.0
Product5,PP1-L2,1,0.0
Product5,PP1-L2,2,0.0
Product5,PP1-L2,3,0.0
Product5,PP1-L2,4,0.0
Product5,PP1-L2,5,0.0
Product5,PP1-L2,6,0.0
Product5,PP1-L2,7,0.0
Product5,PP1-L2,8,0.0
Product5,PP1-L2,9,0.0
Product5,PP1-L2,10,0.0
Product5,PP1-L2,11,0.0
Product5,PP1-L2,12,0.0
Product5,PP1-L2,13,0.0
Product5,PP1-L2,14,0.0
Product5,PP1-L2,15,0.0
Product5,PP1-L2,16,0.0
Product5,PP1-L2,17,0.0
Product5,PP1-L2,18,0.0
Product5,PP1-L2,19,0.0
Product5,PP1-L2,20,0.0
Product5,PP1-L2,21,0.0
Product5,PP1-L2,22,0.0
Product5,PP1-L2,23,0.0
Product5,PP1-L2,24,0.0
Product5,PP1-L2,25,0.0
Product5,PP1-L2,26,0.0
Product5,PP1-L2,27,0.0
Product5,PP1-L2,28,40.0
Product5,PP1-L2,29,120.0
Product5,PP1-L2,30,0.0
Product5,PP1-L2,31,40.0
Product5,PP1-L2,32,0.0
Product5,PP1-L2,33,40.0
Product5,PP1-L2,34,0.0
Product5,PP1-L2,35,0.0
Product5,PP1-L3,1,0.0
Product5,PP1-L3,2,0.0
Product5,PP1-L3,3,0.0
Product5,PP1-L3,4,0.0
Product5,PP1-L3,5,0.0
Product5,PP1-L3,6,0.0
Product5,PP1-L3,7,0.0
Product5,PP1-L3,8,0.0
Product5,PP1-L3,9,0.0
Product5,PP1-L3,10,0.0
Product5,PP1-L3,11,0.0
Product5,PP1-L3,12,0.0
Product5,PP1-L3,13,0.0
Product5,PP1-L3,14,0.0
Product5,PP1-L3,15,0.0
Product5,PP1-L3,16,0.0
Product5,PP1-L3,17,0.0
Product5,PP1-L3,18,0.0
Product5,PP1-L3,19,0.0
Product5,PP1-L3,20,0.0
Product5,PP1-L3,21,0.0
Product5,PP1-L3,22,0.0
Product5,PP1-L3,23,0.0
Product5,PP1-L3,24,0.0
Product5,PP1-L3,25,40.0
Product5,PP1-L3,26,0.0
Product5,PP1-L3,27,0.0
Product5,PP1-L3,28,80.0
Product5,PP1-L3,29,0.0
Product5,PP1-L3,30,0.0
Product5,PP1-L3,31,160.0
Product5,PP1-L3,32,0.0
Product5,PP1-L3,33,0.0
Product5,PP1-L3,34,40.0
Product5,PP1-L3,35,0.0
Product5,PP1-L4,1,0.0
Product5,PP1-L4,2,0.0
Product5,PP1-L4,3,0.0
Product5,PP1-L4,4,0.0
Product5,PP1-L4,5,0.0
Product5,PP1-L4,6,0.0
Product5,PP1-L4,7,0.0
Product5,PP1-L4,8,0.0
Product5,PP1-L4,9,0.0
Product5,PP1-L4,10,0.0
Product5,PP1-L4,11,0.0
Product5,PP1-L4,12,0.0
Product5,PP1-L4,13,0.0
Product5,PP1-L4,14,0.0
Product5,PP1-L4,15,0.0
Product5,PP1-L4,16,0.0
Product5,PP1-L4,17,0.0
Product5,PP1-L4,18,0.0
Product5,PP1-L4,19,0.0
Product5,PP1-L4,20,0.0
Product5,PP1-L4,21,0.0
Product5,PP1-L4,22,0.0
Product5,PP1-L4,23,0.0
Product5,PP1-L4,24,0.0
Product5,PP1-L4,25,0.0
Product5,PP1-L4,26,0.0
Product5,PP1-L4,27,160.0
Product5,PP1-L4,28,0.0
Product5,PP1-L4,29,0.0
Product5,PP1-L4,30,0.0
Product5,PP1-L4,31,0.0
Product5,PP1-L4,32,0.0
Product5,PP1-L4,33,0.0
Product5,PP1-L4,34,0.0
Product5,PP1-L4,35,200.0
Product5,PP2-L0,1,0.0
Product5,PP2-L0,2,0.0
Product5,PP2-L0,3,0.0
Product5,PP2-L0,4,0.0
Product5,PP2-L0,5,0.0
Product5,PP2-L0,6,0.0
Product5,PP2-L0,7,0.0
Product5,PP2-L0,8,0.0
Product5,PP2-L0,9,0.0
Product5,PP2-L0,10,0.0
Product5,PP2-L0,11,0.0
Product5,PP2-L0,12,0.0
Product5,PP2-L0,13,0.0
Product5,PP2-L0,14,0.0
Product5,PP2-L0,15,0.0
Product5,PP2-L0,16,0.0
Product5,PP2-L0,17,0.0
Product5,PP2-L0,18,0.0
Product5,PP2-L0,19,0.0
Product5,PP2-L0,20,0.0
Product5,PP2-L0,21,0.0
Product5,PP2-L0,22,0.0
Product5,PP2-L0,23,0.0
Product5,PP2-L0,24,0.0
Product5,PP2-L0,25,0.0
Product5,PP2-L0,26,0.0
Product5,PP2-L0,27,0.0
Product5,PP2-L0,28,0.0
Product5,PP2-L0,29,200.0
Product5,PP2-L0,30,200.0
Product5,PP2-L0,31,40.0
Product5,PP2-L0,32,40.0
Product5,PP2-L0,33,0.0
Product5,PP2-L0,34,0.0
Product5,PP2-L0,35,0.0
Product5,PP2-L1,1,0.0
Product5,PP2-L1,2,0.0
Product5,PP2-L1,3,0.0
Product5,PP2-L1,4,0.0
Product5,PP2-L1,5,0.0
Product5,PP2-L1,6,0.0
Product5,PP2-L1,7,0.0
Product5,PP2-L1,8,0.0
Product5,PP2-L1,9,0.0
Product5,PP2-L1,10,0.0
Product5,PP2-L1,11,0.0
Product5,PP2-L1,12,0.0
Product5,PP2-L1,13,0.0
Product5,PP2-L1,14,0.0
Product5,PP2-L1,15,0.0
Product5,PP2-L1,16,0.0
Product5,PP2-L1,17,0.0
Product5,PP2-L1,18,0.0
Product5,PP2-L1,19,0.0
Product5,PP2-L1,20,0.0
Product5,PP2-L1,21,0.0
Product5,PP2-L1,22,0.0
Product5,PP2-L1,23,0.0
Product5,PP2-L1,24,0.0
Product5,PP2-L1,25,0.0
Product5,PP2-L1,26,0.0
Product5,PP2-L1,27,0.0
Product5,PP2-L1,28,40.0
Product5,PP2-L1,29,0.0
Product5,PP2-L1,30,0.0
Product5,PP2-L1,31,0.0
Product5,PP2-L1,32,0.0
Product5,PP2-L1,33,0.0
Product5,PP2-L1,34,0.0
Product5,PP2-L1,35,0.0
Product5,PP2-L2,1,0.0
Product5,PP2-L2,2,0.0
Product5,PP2-L2,3,0.0
Product5,PP2-L2,4,0.0
Product5,PP2-L2,5,0.0
Product5,PP2-L2,6,0.0
Product5,PP2-L2,7,0.0
Product5,PP2-L2,8,0.0
Product5,PP2-L2,9,0.0
Product5,PP2-L2,10,0.0
Product5,PP2-L2,11,0.0
Product5,PP2-L2,12,0.0
Product5,PP2-L2,13,0.0
Product5,PP2-L2,14,0.0
Product5,PP2-L2,15,0.0
Product5,PP2-L2,16,0.0
Product5,PP2-L2,17,0.0
Product5,PP2-L2,18,0.0
Product5,PP2-L2,19,0.0
Product5,PP2-L2,20,0.0
Product5,PP2-L2,21,0.0
Product5,PP2-L2,22,0.0
Product5,PP2-L2,23,0.0
Product5,PP2-L2,24,0.0
Product5,PP2-L2,25,0.0
Product5,PP2-L2,26,200.0
Product5,PP2-L2,27,0.0
Product5,PP2-L2,28,0.0
Product5,PP2-L2,29,0.0
Product5,PP2-L2,30,0.0
Product5,PP2-L2,31,0.0
Product5,PP2-L2,32,0.0
Product5,PP2-L2,33,0.0
Product5,PP2-L2,34,0.0
Product5,PP2-L2,35,0.0
Product5,PP2-L3,1,0.0
Product5,PP2-L3,2,0.0
Product5,PP2-L3,3,0.0
Product5,PP2-L3,4,0.0
Product5,PP2-L3,5,0.0
Product5,PP2-L3,6,0.0
Product5,PP2-L3,7,0.0
Product5,PP2-L3,8,0.0
Product5,PP2-L3,9,0.0
Product5,PP2-L3,10,0.0
Product5,PP2-L3,11,0.0
Product5,PP2-L3,12,0.0
Product5,PP2-L3,13,0.0
Product5,PP2-L3,14,0.0
Product5,PP2-L3,15,0.0
Product5,PP2-L3,16,0.0
Product5,PP2-L3,17,0.0
Product5,PP2-L3,18,0.0
Product5,PP2-L3,19,0.0
Product5,PP2-L3,20,0.0
Product5,PP2-L3,21,0.0
Product5,PP2-L3,22,0.0
Product5,PP2-L3,23,0.0
Product5,PP2-L3,24,0.0
Product5,PP2-L3,25,0.0
Product5,PP2-L3,26,0.0
Product5,PP2-L3,27,0.0
Product5,PP2-L3,28,160.0
Product5,PP2-L3,29,0.0
Product5,PP2-L3,30,0.0
Product5,PP2-L3,31,0.0
Product5,PP2-L3,32,0.0
Product5,PP2-L3,33,0.0
Product5,PP2-L3,34,0.0
Product5,PP2-L3,35,40.0
Product5,PP2-L4,1,0.0
Product5,PP2-L4,2,0.0
Product5,PP2-L4,3,0.0
Product5,PP2-L4,4,0.0
Product5,PP2-L4,5,0.0
Product5,PP2-L4,6,0.0
Product5,PP2-L4,7,0.0
Product5,PP2-L4,8,0.0
Product5,PP2-L4,9,0.0
Product5,PP2-L4,10,0.0
Product5,PP2-L4,11,0.0
Product5,PP2-L4,12,0.0
Product5,PP2-L4,13,0.0
Product5,PP2-L4,14,0.0
Product5,PP2-L4,15,0.0
Product5,PP2-L4,16,0.0
Product5,PP2-L4,17,0.0
Product5,PP2-L4,18,0.0
Product5,PP2-L4,19,0.0
Product5,PP2-L4,20,0.0
Product5,PP2-L4,21,0.0
Product5,PP2-L4,22,0.0
Product5,PP2-L4,23,0.0
Product5,PP2-L4,24,0.0
Product5,PP2-L4,25,0.0
Product5,PP2-L4,26,0.0
Product5,PP2-L4,27,0.0
Product5,PP2-L4,28,0.0
Product5,PP2-L4,29,0.0
Product5,PP2-L4,30,0.0
Product5,PP2-L4,31,0.0
Product5,PP2-L4,32,160.0
Product5,PP2-L4,33,0.0
Product5,PP2-L4,34,0.0
Product5,PP2-L4,35,160.0
Product5,PP3-L0,1,0.0
Product5,PP3-L0,2,0.0
Product5,PP3-L0,3,0.0
Product5,PP3-L0,4,0.0
Product5,PP3-L0,5,0.0
Product5,PP3-L0,6,0.0
Product5,PP3-L0,7,0.0
Product5,PP3-L0,8,0.0
Product5,PP3-L0,9,0.0
Product5,PP3-L0,10,0.0
Product5,PP3-L0,11,0.0
Product5,PP3-L0,12,0.0
Product5,PP3-L0,13,0.0
Product5,PP3-L0,14,0.0
Product5,PP3-L0,15,0.0
Product5,PP3-L0,16,0.0
Product5,PP3-L0,17,0.0
Product5,PP3-L0,18,0.0
Product5,PP3-L0,19,0.0
Product5,PP3-L0,20,0.0
Product5,PP3-L0,21,0.0
Product5,PP3-L0,22,0.0
Product5,PP3-L0,23,0.0
Product5,PP3-L0,24,0.0
Product5,PP3-L0,25,0.0
Product5,PP3-L0,26,0.0
Product5,PP3-L0,27,0.0
Product5,PP3-L0,28,0.0
Product5,PP3-L0,29,0.0
Product5,PP3-L0,30,0.0
Product5,PP3-L0,31,0.0
Product5,PP3-L0,32,0.0
Product5,PP3-L0,33,40.0
Product5,PP3-L0,34,0.0
Product5,PP3-L0,35,40.0
Product5,PP3-L1,1,0.0
Product5,PP3-L1,2,0.0
Product5,PP3-L1,3,0.0
Product5,PP3-L1,4,0.0
Product5,PP3-L1,5,0.0
Product5,PP3-L1,6,0.0
Product5,PP3-L1,7,0.0
Product5,PP3-L1,8,0.0
Product5,PP3-L1,9,0.0
Product5,PP3-L1,10,0.0
Product5,PP3-L1,11,0.0
Product5,PP3-L1,12,0.0
Product5,PP3-L1,13,0.0
Product5,PP3-L1,14,0.0
Product5,PP3-L1,15,0.0
Product5,PP3-L1,16,0.0
Product5,PP3-L1,17,0.0
Product5,PP3-L1,18,0.0
Product5,PP3-L1,19,0.0
Product5,PP3-L1,20,0.0
Product5,PP3-L1,21,0.0
Product5,PP3-L1,22,0.0
Product5,PP3-L1,23,0.0
Product5,PP3-L1,24,40.0
Product5,PP3-L1,25,200.0
Product5,PP3-L1,26,0.0
Product5,PP3-L1,27,40.0
Product5,PP3-L1,28,0.0
Product5,PP3-L1,29,0.0
Product5,PP3-L1,30,0.0
Product5,PP3-L1,31,0.0
Product5,PP3-L1,32,0.0
Product5,PP3-L1,33,0.0
Product5,PP3-L1,34,0.0
Product5,PP3-L1,35,0.0
Product5,PP3-L2,1,0.0
Product5,PP3-L2,2,0.0
Product5,PP3-L2,3,0.0
Product5,PP3-L2,4,0.0
Product5,PP3-L2,5,0.0
Product5,PP3-L2,6,0.0
Product5,PP3-L2,7,0.0
Product5,PP3-L2,8,0.0
Product5,PP3-L2,9,0.0
Product5,PP3-L2,10,0.0
Product5,PP3-L2,11,0.0
Product5,PP3-L2,12,0.0
Product5,PP3-L2,13,0.0
Product5,PP3-L2,14,0.0
Product5,PP3-L2,15,0.0
Product5,PP3-L2,16,0.0
Product5,PP3-L2,17,0.0
Product5,PP3-L2,18,0.0
Product5,PP3-L2,19,0.0
Product5,PP3-L2,20,0.0
Product5,PP3-L2,21,0.0
Product5,PP3-L2,22,0.0
Product5,PP3-L2,23,0.0
Product5,PP3-L2,24,0.0
Product5,PP3-L2,25,0.0
Product5,PP3-L2,26,0.0
Product5,PP3-L2,27,0.0
Product5,PP3-L2,28,0.0
Product5,PP3-L2,29,0.0
Product5,PP3-L2,30,0.0
Product5,PP3-L2,31,0.0
Product5,PP3-L2,32,0.0
Product5,PP3-L2,33,0.0
Product5,PP3-L2,34,0.0
Product5,PP3-L2,35,0.0
Product5,PP3-L3,1,0.0
Product5,PP3-L3,2,0.0
Product5,PP3-L3,3,0.0
Product5,PP3-L3,4,0.0
Product5,PP3-L3,5,0.0
Product5,PP3-L3,6,0.0
Product5,PP3-L3,7,0.0
Product5,PP3-L3,8,0.0
Product5,PP3-L3,9,0.0
Product5,PP3-L3,10,0.0
Product5,PP3-L3,11,0.0
Product5,PP3-L3,12,0.0
Product5,PP3-L3,13,0.0
Product5,PP3-L3,14,0.0
Product5,PP3-L3,15,0.0
Product5,PP3-L3,16,0.0
Product5,PP3-L3,17,0.0
Product5,PP3-L3,18,0.0
Product5,PP3-L3,19,0.0
Product5,PP3-L3,20,0.0
Product5,PP3-L3,21,0.0
Product5,PP3-L3,22,0.0
Product5,PP3-L3,23,0.0
Product5,PP3-L3,24,0.0
Product5,PP3-L3,25,0.0
Product5,PP3-L3,26,0.0
Product5,PP3-L3,27,0.0
Product5,PP3-L3,28,200.0
Product5,PP3-L3,29,0.0
Product5,PP3-L3,30,0.0
Product5,PP3-L3,31,0.0
Product5,PP3-L3,32,200.0
Product5,PP3-L3,33,40.0
Product5,PP3-L3,34,0.0
Product5,PP3-L3,35,0.0
Product5,PP3-L4,1,0.0
Product5,PP3-L4,2,0.0
Product5,PP3-L4,3,0.0
Product5,PP3-L4,4,0.0
Product5,PP3-L4,5,0.0
Product5,PP3-L4,6,0.0
Product5,PP3-L4,7,0.0
Product5,PP3-L4,8,0.0
Product5,PP3-L4,9,0.0
Product5,PP3-L4,10,0.0
Product5,PP3-L4,11,0.0
Product5,PP3-L4,12,0.0
Product5,PP3-L4,13,0.0
Product5,PP3-L4,14,0.0
Product5,PP3-L4,15,0.0
Product5,PP3-L4,16,0.0
Product5,PP3-L4,17,0.0
Product5,PP3-L4,18,0.0
Product5,PP3-L4,19,0.0
Product5,PP3-L4,20,0.0
Product5,PP3-L4,21,0.0
Product5,PP3-L4,22,0.0
Product5,PP3-L4,23,0.0
Product5,PP3-L4,24,0.0
Product5,PP3-L4,25,0.0
Product5,PP3-L4,26,200.0
Product5,PP3-L4,27,0.0
Product5,PP3-L4,28,0.0
Product5,PP3-L4,29,0.0
Product5,PP3-L4,30,0.0
Product5,PP3-L4,31,0.0
Product5,PP3-L4,32,0.0
Product5,PP3-L4,33,120.0
Product5,PP3-L4,34,0.0
Product5,PP3-L4,35,0.0
Product5,PP4-L0,1,0.0
Product5,PP4-L0,2,0.0
Product5,PP4-L0,3,0.0
Product5,PP4-L0,4,0.0
Product5,PP4-L0,5,0.0
Product5,PP4-L0,6,0.0
Product5,PP4-L0,7,0.0
Product5,PP4-L0,8,0.0
Product5,PP4-L0,9,0.0
Product5,PP4-L0,10,0.0
Product5,PP4-L0,11,0.0
Product5,PP4-L0,12,0.0
Product5,PP4-L0,13,0.0
Product5,PP4-L0,14,0.0
Product5,PP4-L0,15,0.0
Product5,PP4-L0,16,0.0
Product5,PP4-L0,17,0.0
Product5,PP4-L0,18,0.0
Product5,PP4-L0,19,0.0
Product5,PP4-L0,20,0.0
Product5,PP4-L0,21,0.0
Product5,PP4-L0,22,0.0
Product5,PP4-L0,23,0.0
Product5,PP4-L0,24,0.0
Product5,PP4-L0,25,0.0
Product5,PP4-L0,26,0.0
Product5,PP4-L0,27,0.0
Product5,PP4-L0,28,0.0
Product5,PP4-L0,29,0.0
Product5,PP4-L0,30,0.0
Product5,PP4-L0,31,0.0
Product5,PP4-L0,32,40.0
Product5,PP4-L0,33,0.0
Product5,PP4-L0,34,0.0
Product5,PP4-L0,35,0.0
Product5,PP4-L1,1,0.0
Product5,PP4-L1,2,0.0
Product5,PP4-L1,3,0.0
Product5,PP4-L1,4,0.0
Product5,PP4-L1,5,0.0
Product5,PP4-L1,6,0.0
Product5,PP4-L1,7,0.0
Product5,PP4-L1,8,0.0
Product5,PP4-L1,9,0.0
Product5,PP4-L1,10,0.0
Product5,PP4-L1,11,0.0
Product5,PP4-L1,12,0.0
Product5,PP4-L1,13,0.0
Product5,PP4-L1,14,0.0
Product5,PP4-L1,15,0.0
Product5,PP4-L1,16,0.0
Product5,PP4-L1,17,0.0
Product5,PP4-L1,18,0.0
Product5,PP4-L1,19,0.0
Product5,PP4-L1,20,0.0
Product5,PP4-L1,21,0.0
Product5,PP4-L1,22,0.0
Product5,PP4-L1,23,0.0
Product5,PP4-L1,24,40.0
Product5,PP4-L1,25,0.0
Product5,PP4-L1,26,0.0
Product5,PP4-L1,27,0.0
Product5,PP4-L1,28,0.0
Product5,PP4-L1,29,200.0
Product5,PP4-L1,30,0.0
Product5,PP4-L1,31,0.0
Product5,PP4-L1,32,0.0
Product5,PP4-L1,33,200.0
Product5,PP4-L1,34,0.0
Product5,PP4-L1,35,200.0
Product5,PP4-L2,1,0.0
Product5,PP4-L2,2,0.0
Product5,PP4-L2,3,0.0
Product5,PP4-L2,4,0.0
Product5,PP4-L2,5,0.0
Product5,PP4-L2,6,0.0
Product5,PP4-L2,7,0.0
Product5,PP4-L2,8,0.0
Product5,PP4-L2,9,0.0
Product5,PP4-L2,10,0.0
Product5,PP4-L2,11,0.0
Product5,PP4-L2,12,0.0
Product5,PP4-L2,13,0.0
Product5,PP4-L2,14,0.0
Product5,PP4-L2,15,0.0
Product5,PP4-L2,16,0.0
Product5,PP4-L2,17,0.0
Product5,PP4-L2,18,0.0
Product5,PP4-L2,19,0.0
Product5,PP4-L2,20,0.0
Product5,PP4-L2,21,0.0
Product5,PP4-L2,22,0.0
Product5,PP4-L2,23,0.0
Product5,PP4-L2,24,0.0
Product5,PP4-L2,25,0.0
Product5,PP4-L2,26,0.0
Product5,PP4-L2,27,0.0
Product5,PP4-L2,28,200.0
Product5,PP4-L2,29,0.0
Product5,PP4-L2,30,0.0
Product5,PP4-L2,31,0.0
Product5,PP4-L2,32,40.0
Product5,PP4-L2,33,0.0
Product5,PP4-L2,34,0.0
Product5,PP4-L2,35,0.0
Product5,PP4-L3,1,0.0
Product5,PP4-L3,2,0.0
Product5,PP4-L3,3,0.0
Product5,PP4-L3,4,0.0
Product5,PP4-L3,5,0.0
Product5,PP4-L3,6,0.0
Product5,PP4-L3,7,0.0
Product5,PP4-L3,8,0.0
Product5,PP4-L3,9,0.0
Product5,PP4-L3,10,0.0
Product5,PP4-L3,11,0.0
Product5,PP4-L3,12,0.0
Product5,PP4-L3,13,0.0
Product5,PP4-L3,14,0.0
Product5,PP4-L3,15,0.0
Product5,PP4-L3,16,0.0
Product5,PP4-L3,17,0.0
Product5,PP4-L3,18,0.0
Product5,PP4-L3,19,0.0
Product5,PP4-L3,20,0.0
Product5,PP4-L3,21,0.0
Product5,PP4-L3,22,0.0
Product5,PP4-L3,23,0.0
Product5,PP4-L3,24,160.0
Product5,PP4-L3,25,40.0
Product5,PP4-L3,26,0.0
Product5,PP4-L3,27,200.0
Product5,PP4-L3,28,0.0
Product5,PP4-L3,29,0.0
Product5,PP4-L3,30,0.0
Product5,PP4-L3,31,0.0
Product5,PP4-L3,32,80.0
Product5,PP4-L3,33,0.0
Product5,PP4-L3,34,0.0
Product5,PP4-L3,35,0.0
Product5,PP4-L4,1,0.0
Product5,PP4-L4,2,0.0
Product5,PP4-L4,3,0.0
Product5,PP4-L4,4,0.0
Product5,PP4-L4,5,0.0
Product5,PP4-L4,6,0.0
Product5,PP4-L4,7,0.0
Product5,PP4-L4,8,0.0
Product5,PP4-L4,9,0.0
Product5,PP4-L4,10,0.0
Product5,PP4-L4,11,0.0
Product5,PP4-L4,12,0.0
Product5,PP4-L4,13,0.0
Product5,PP4-L4,14,0.0
Product5,PP4-L4,15,0.0
Product5,PP4-L4,16,0.0
Product5,PP4-L4,17,0.0
Product5,PP4-L4,18,0.0
Product5,PP4-L4,19,0.0
Product5,PP4-L4,20,0.0
Product5,PP4-L4,21,0.0
Product5,PP4-L4,22,0.0
Product5,PP4-L4,23,0.0
Product5,PP4-L4,24,0.0
Product5,PP4-L4,25,0.0
Product5,PP4-L4,26,0.0
Product5,PP4-L4,27,0.0
Product5,PP4-L4,28,0.0
Product5,PP4-L4,29,0.0
Product5,PP4-L4,30,0.0
Product5,PP4-L4,31,0.0
Product5,PP4-L4,32,40.0
Product5,PP4-L4,33,0.0
Product5,PP4-L4,34,200.0
Product5,PP4-L4,35,0.0
Product6,PP0-L0,1,0.0
Product6,PP0-L0,2,0.0
Product6,PP0-L0,3,0.0
Product6,PP0-L0,4,0.0
Product6,PP0-L0,5,0.0
Product6,PP0-L0,6,0.0
Product6,PP0-L0,7,0.0
Product6,PP0-L0,8,0.0
Product6,PP0-L0,9,0.0
Product6,PP0-L0,10,0.0
Product6,PP0-L0,11,0.0
Product6,PP0-L0,12,0.0
Product6,PP0-L0,13,0.0
Product6,PP0-L0,14,0.0
Product6,PP0-L0,15,0.0
Product6,PP0-L0,16,0.0
Product6,PP0-L0,17,0.0
Product6,PP0-L0,18,0.0
Product6,PP0-L0,19,0.0
Product6,PP0-L0,20,0.0
Product6,PP0-L0,21,0.0
Product6,PP0-L0,22,0.0
Product6,PP0-L0,23,0.0
Product6,PP0-L0,24,0.0
Product6,PP0-L0,25,0.0
Product6,PP0-L0,26,0.0
Product6,PP0-L0,27,0.0
Product6,PP0-L0,28,40.0
Product6,PP0-L0,29,0.0
Product6,PP0-L0,30,0.0
Product6,PP0-L0,31,200.0
Product6,PP0-L0,32,0.0
Product6,PP0-L0,33,0.0
Product6,PP0-L0,34,0.0
Product6,PP0-L0,35,0.0
Product6,PP0-L1,1,0.0
Product6,PP0-L1,2,0.0
Product6,PP0-L1,3,0.0
Product6,PP0-L1,4,0.0
Product6,PP0-L1,5,0.0
Product6,PP0-L1,6,0.0
Product6,PP0-L1,7,0.0
Product6,PP0-L1,8,0.0
Product6,PP0-L1,9,0.0
Product6,PP0-L1,10,0.0
Product6,PP0-L1,11,0.0
Product6,PP0-L1,12,0.0
Product6,PP0-L1,13,0.0
Product6,PP0-L1,14,0.0
Product6,PP0-L1,15,0.0
Product6,PP0-L1,16,0.0
Product6,PP0-L1,17,0.0
Product6,PP0-L1,18,0.0
Product6,PP0-L1,19,0.0
Product6,PP0-L1,20,0.0
Product6,PP0-L1,21,0.0
Product6,PP0-L1,22,0.0
Product6,PP0-L1,23,0.0
Product6,PP0-L1,24,0.0
Product6,PP0-L1,25,0.0
Product6,PP0-L1,26,80.0
Product6,PP0-L1,27,0.0
Product6,PP0-L1,28,0.0
Product6,PP0-L1,29,200.0
Product6,PP0-L1,30,0.0
Product6,PP0-L1,31,0.0
Product6,PP0-L1,32,0.0
Product6,PP0-L1,33,40.0
Product6,PP0-L1,34,0.0
Product6,PP0-L1,35,0.0
Product6,PP0-L2,1,0.0
Product6,PP0-L2,2,0.0
Product6,PP0-L2,3,0.0
Product6,PP0-L2,4,0.0
Product6,PP0-L2,5,0.0
Product6,PP0-L2,6,0.0
Product6,PP0-L2,7,0.0
Product6,PP0-L2,8,0.0
Product6,PP0-L2,9,0.0
Product6,PP0-L2,10,0.0
Product6,PP0-L2,11,0.0
Product6,PP0-L2,12,0.0
Product6,PP0-L2,13,0.0
Product6,PP0-L2,14,0.0
Product6,PP0-L2,15,0.0
Product6,PP0-L2,16,0.0
Product6,PP0-L2,17,0.0
Product6,PP0-L2,18,0.0
Product6,PP0-L2,19,0.0
Product6,PP0-L2,20,0.0
Product6,PP0-L2,21,0.0
Product6,PP0-L2,22,0.0
Product6,PP0-L2,23,0.0
Product6,PP0-L2,24,200.0
Product6,PP0-L2,25,0.0
Product6,PP0-L2,26,40.0
Product6,PP0-L2,27,80.0
Product6,PP0-L2,28,0.0
Product6,PP0-L2,29,0.0
Product6,PP0-L2,30,0.0
Product6,PP0-L2,31,0.0
Product6,PP0-L2,32,0.0
Product6,PP0-L2,33,0.0
Product6,PP0-L2,34,0.0
Product6,PP0-L2,35,0.0
Product6,PP0-L3,1,0.0
Product6,PP0-L3,2,0.0
Product6,PP0-L3,3,0.0
Product6,PP0-L3,4,0.0
Product6,PP0-L3,5,0.0
Product6,PP0-L3,6,0.0
Product6,PP0-L3,7,0.0
Product6,PP0-L3,8,0.0
Product6,PP0-L3,9,0.0
Product6,PP0-L3,10,0.0
Product6,PP0-L3,11,0.0
Product6,PP0-L3,12,0.0
Product6,PP0-L3,13,0.0
Product6,PP0-L3,14,0.0
Product6,PP0-L3,15,0.0
Product6,PP0-L3,16,0.0
Product6,PP0-L3,17,0.0
Product6,PP0-L3,18,0.0
Product6,PP0-L3,19,0.0
Product6,PP0-L3,20,0.0
Product6,PP0-L3,21,0.0
Product6,PP0-L3,22,0.0
Product6,PP0-L3,23,0.0
Product6,PP0-L3,24,0.0
Product6,PP0-L3,25,200.0
Product6,PP0-L3,26,0.0
Product6,PP0-L3,27,0.0
Product6,PP0-L3,28,0.0
Product6,PP0-L3,29,0.0
Product6,PP0-L3,30,0.0
Product6,PP0-L3,31,0.0
Product6,PP0-L3,32,0.0
Product6,PP0-L3,33,0.0
Product6,PP0-L3,34,0.0
Product6,PP0-L3,35,200.0
Product6,PP0-L4,1,0.0
Product6,PP0-L4,2,0.0
Product6,PP0-L4,3,0.0
Product6,PP0-L4,4,0.0
Product6,PP0-L4,5,0.0
Product6,PP0-L4,6,0.0
Product6,PP0-L4,7,0.0
Product6,PP0-L4,8,0.0
Product6,PP0-L4,9,0.0
Product6,PP0-L4,10,0.0
Product6,PP0-L4,11,0.0
Product6,PP0-L4,12,0.0
Product6,PP0-L4,13,0.0
Product6,PP0-L4,14,0.0
Product6,PP0-L4,15,0.0
Product6,PP0-L4,16,0.0
Product6,PP0-L4,17,0.0
Product6,PP0-L4,18,0.0
Product6,PP0-L4,19,0.0
Product6,PP0-L4,20,0.0
Product6,PP0-L4,21,0.0
Product6,PP0-L4,22,0.0
Product6,PP0-L4,23,0.0
Product6,PP0-L4,24,0.0
Product6,PP0-L4,25,0.0
Product6,PP0-L4,26,0.0
Product6,PP0-L4,27,0.0
Product6,PP0-L4,28,160.0
Product6,PP0-L4,29,0.0
Product6,PP0-L4,30,0.0
Product6,PP0-L4,31,0.0
Product6,PP0-L4,32,0.0
Product6,PP0-L4,33,160.0
Product6,PP0-L4,34,0.0
Product6,PP0-L4,35,0.0
Product6,PP1-L0,1,0.0
Product6,PP1-L0,2,0.0
Product6,PP1-L0,3,0.0
Product6,PP1-L0,4,0.0
Product6,PP1-L0,5,0.0
Product6,PP1-L0,6,0.0
Product6,PP1-L0,7,0.0
Product6,PP1-L0,8,0.0
Product6,PP1-L0,9,0.0
Product6,PP1-L0,10,0.0
Product6,PP1-L0,11,0.0
Product6,PP1-L0,12,0.0
Product6,PP1-L0,13,0.0
Product6,PP1-L0,14,0.0
Product6,PP1-L0,15,0.0
Product6,PP1-L0,16,0.0
Product6,PP1-L0,17,0.0
Product6,PP1-L0,18,0.0
Product6,PP1-L0,19,0.0
Product6,PP1-L0,20,0.0
Product6,PP1-L0,21,0.0
Product6,PP1-L0,22,0.0
Product6,PP1-L0,23,0.0
Product6,PP1-L0,24,0.0
Product6,PP1-L0,25,0.0
Product6,PP1-L0,26,0.0
Product6,PP1-L0,27,0.0
Product6,PP1-L0,28,0.0
Product6,PP1-L0,29,0.0
Product6,PP1-L0,30,0.0
Product6,PP1-L0,31,0.0
Product6,PP1-L0,32,0.0
Product6,PP1-L0,33,0.0
Product6,PP1-L0,34,0.0
Product6,PP1-L0,35,200.0
Product6,PP1-L1,1,0.0
Product6,PP1-L1,2,0.0
Product6,PP1-L1,3,0.0
Product6,PP1-L1,4,0.0
Product6,PP1-L1,5,0.0
Product6,PP1-L1,6,0.0
Product6,PP1-L1,7,0.0
Product6,PP1-L1,8,0.0
Product6,PP1-L1,9,0.0
Product6,PP1-L1,10,0.0
Product6,PP1-L1,11,0.0
Product6,PP1-L1,12,0.0
Product6,PP1-L1,13,0.0
Product6,PP1-L1,14,0.0
Product6,PP1-L1,15,0.0
Product6,PP1-L1,16,0.0
Product6,PP1-L1,17,0.0
Product6,PP1-L1,18,0.0
Product6,PP1-L1,19,0.0
Product6,PP1-L1,20,0.0
Product6,PP1-L1,21,0.0
Product6,PP1-L1,22,0.0
Product6,PP1-L1,23,0.0
Product6,PP1-L1,24,0.0
Product6,PP1-L1,25,0.0
Product6,PP1-L1,26,200.0
Product6,PP1-L1,27,0.0
Product6,PP1-L1,28,0.0
Product6,PP1-L1,29,0.0
Product6,PP1-L1,30,0.0
Product6,PP1-L1,31,0.0
Product6,PP1-L1,32,0.0
Product6,PP1-L1,33,0.0
Product6,PP1-L1,34,0.0
Product6,PP1-L1,35,0.0
Product6,PP1-L2,1,0.0
Product6,PP1-L2,2,0.0
Product6,PP1-L2,3,0.0
Product6,PP1-L2,4,0.0
Product6,PP1-L2,5,0.0
Product6,PP1-L2,6,0.0
Product6,PP1-L2,7,0.0
Product6,PP1-L2,8,0.0
Product6,PP1-L2,9,0.0
Product6,PP1-L2,10,0.0
Product6,PP1-L2,11,0.0
Product6,PP1-L2,12,0.0
Product6,PP1-L2,13,0.0
Product6,PP1-L2,14,0.0
Product6,PP1-L2,15,0.0
Product6,PP1-L2,16,0.0
Product6,PP1-L2,17,0.0
Product6,PP1-L2,18,0.0
Product6,PP1-L2,19,0.0
Product6,PP1-L2,20,0.0
Product6,PP1-L2,21,0.0
Product6,PP1-L2,22,0.0
Product6,PP1-L2,23,0.0
Product6,PP1-L2,24,0.0
Product6,PP1-L2,25,0.0
Product6,PP1-L2,26,0.0
Product6,PP1-L2,27,0.0
Product6,PP1-L2,28,0.0
Product6,PP1-L2,29,0.0
Product6,PP1-L2,30,0.0
Product6,PP1-L2,31,0.0
Product6,PP1-L2,32,0.0
Product6,PP1-L2,33,200.0
Product6,PP1-L2,34,0.0
Product6,PP1-L2,35,0.0
Product6,PP1-L3,1,0.0
Product6,PP1-L3,2,0.0
Product6,PP1-L3,3,0.0
Product6,PP1-L3,4,0.0
Product6,PP1-L3,5,0.0
Product6,PP1-L3,6,0.0
Product6,PP1-L3,7,0.0
Product6,PP1-L3,8,0.0
Product6,PP1-L3,9,0.0
Product6,PP1-L3,10,0.0
Product6,PP1-L3,11,0.0
Product6,PP1-L3,12,0.0
Product6,PP1-L3,13,0.0
Product6,PP1-L3,14,0.0
Product6,PP1-L3,15,0.0
Product6,PP1-L3,16,0.0
Product6,PP1-L3,17,0.0
Product6,PP1-L3,18,0.0
Product6,PP1-L3,19,0.0
Product6,PP1-L3,20,0.0
Product6,PP1-L3,21,0.0
Product6,PP1-L3,22,0.0
Product6,PP1-L3,23,0.0
Product6,PP1-L3,24,0.0
Product6,PP1-L3,25,0.0
Product6,PP1-L3,26,0.0
Product6,PP1-L3,27,200.0
Product6,PP1-L3,28,0.0
Product6,PP1-L3,29,0.0
Product6,PP1-L3,30,0.0
Product6,PP1-L3,31,0.0
Product6,PP1-L3,32,0.0
Product6,PP1-L3,33,0.0
Product6,PP1-L3,34,0.0
Product6,PP1-L3,35,0.0
Product6,PP1-L4,1,0.0
Product6,PP1-L4,2,0.0
Product6,PP1-L4,3,0.0
Product6,PP1-L4,4,0.0
Product6,PP1-L4,5,0.0
Product6,PP1-L4,6,0.0
Product6,PP1-L4,7,0.0
Product6,PP1-L4,8,0.0
Product6,PP1-L4,9,0.0
Product6,PP1-L4,10,0.0
Product6,PP1-L4,11,0.0
Product6,PP1-L4,12,0.0
Product6,PP1-L4,13,0.0
Product6,PP1-L4,14,0.0
Product6,PP1-L4,15,0.0
Product6,PP1-L4,16,0.0
Product6,PP1-L4,17,0.0
Product6,PP1-L4,18,0.0
Product6,PP1-L4,19,0.0
Product6,PP1-L4,20,0.0
Product6,PP1-L4,21,0.0
Product6,PP1-L4,22,0.0
Product6,PP1-L4,23,0.0
Product6,PP1-L4,24,0.0
Product6,PP1-L4,25,40.0
Product6,PP1-L4,26,0.0
Product6,PP1-L4,27,0.0
Product6,PP1-L4,28,0.0
Product6,PP1-L4,29,0.0
Product6,PP1-L4,30,0.0
Product6,PP1-L4,31,0.0
Product6,PP1-L4,32,200.0
Product6,PP1-L4,33,0.0
Product6,PP1-L4,34,0.0
Product6,PP1-L4,35,0.0
Product6,PP2-L0,1,0.0
Product6,PP2-L0,2,0.0
Product6,PP2-L0,3,0.0
Product6,PP2-L0,4,0.0
Product6,PP2-L0,5,0.0
Product6,PP2-L0,6,0.0
Product6,PP2-L0,7,0.0
Product6,PP2-L0,8,0.0
Product6,PP2-L0,9,0.0
Product6,PP2-L0,10,0.0
Product6,PP2-L0,11,0.0
Product6,PP2-L0,12,0.0
Product6,PP2-L0,13,0.0
Product6,PP2-L0,14,0.0
Product6,PP2-L0,15,0.0
Product6,PP2-L0,16,0.0
Product6,PP2-L0,17,0.0
Product6,PP2-L0,18,0.0
Product6,PP2-L0,19,0.0
Product6,PP2-L0,20,0.0
Product6,PP2-L0,21,0.0
Product6,PP2-L0,22,0.0
Product6,PP2-L0,23,0.0
Product6,PP2-L0,24,40.0
Product6,PP2-L0,25,0.0
Product6,PP2-L0,26,0.0
Product6,PP2-L0,27,0.0
Product6,PP2-L0,28,0.0
Product6,PP2-L0,29,0.0
Product6,PP2-L0,30,40.0
Product6,PP2-L0,31,0.0
Product6,PP2-L0,32,0.0
Product6,PP2-L0,33,0.0
Product6,PP2-L0,34,40.0
Product6,PP2-L0,35,0.0
Product6,PP2-L1,1,0.0
Product6,PP2-L1,2,0.0
Product6,PP2-L1,3,0.0
Product6,PP2-L1,4,0.0
Product6,PP2-L1,5,0.0
Product6,PP2-L1,6,0.0
Product6,PP2-L1,7,0.0
Product6,PP2-L1,8,0.0
Product6,PP2-L1,9,0.0
Product6,PP2-L1,10,0.0
Product6,PP2-L1,11,0.0
Product6,PP2-L1,12,0.0
Product6,PP2-L1,13,0.0
Product6,PP2-L1,14,0.0
Product6,PP2-L1,15,0.0
Product6,PP2-L1,16,0.0
Product6,PP2-L1,17,0.0
Product6,PP2-L1,18,0.0
Product6,PP2-L1,19,0.0
Product6,PP2-L1,20,0.0
Product6,PP2-L1,21,0.0
Product6,PP2-L1,22,0.0
Product6,PP2-L1,23,0.0
Product6,PP2-L1,24,0.0
Product6,PP2-L1,25,120.0
Product6,PP2-L1,26,0.0
Product6,PP2-L1,27,200.0
Product6,PP2-L1,28,0.0
Product6,PP2-L1,29,0.0
Product6,PP2-L1,30,40.0
Product6,PP2-L1,31,0.0
Product6,PP2-L1,32,0.0
Product6,PP2-L1,33,0.0
Product6,PP2-L1,34,0.0
Product6,PP2-L1,35,0.0
Product6,PP2-L2,1,0.0
Product6,PP2-L2,2,0.0
Product6,PP2-L2,3,0.0
Product6,PP2-L2,4,0.0
Product6,PP2-L2,5,0.0
Product6,PP2-L2,6,0.0
Product6,PP2-L2,7,0.0
Product6,PP2-L2,8,0.0
Product6,PP2-L2,9,0.0
Product6,PP2-L2,10,0.0
Product6,PP2-L2,11,0.0
Product6,PP2-L2,12,0.0
Product6,PP2-L2,13,0.0
Product6,PP2-L2,14,0.0
Product6,PP2-L2,15,0.0
Product6,PP2-L2,16,0.0
Product6,PP2-L2,17,0.0
Product6,PP2-L2,18,0.0
Product6,PP2-L2,19,0.0
Product6,PP2-L2,20,0.0
Product6,PP2-L2,21,0.0
Product6,PP2-L2,22,0.0
Product6,PP2-L2,23,0.0
Product6,PP2-L2,24,0.0
Product6,PP2-L2,25,0.0
Product6,PP2-L2,26,0.0
Product6,PP2-L2,27,0.0
Product6,PP2-L2,28,0.0
Product6,PP2-L2,29,160.0
Product6,PP2-L2,30,80.0
Product6,PP2-L2,31,0.0
Product6,PP2-L2,32,40.0
Product6,PP2-L2,33,0.0
Product6,PP2-L2,34,120.0
Product6,PP2-L2,35,0.0
Product6,PP2-L3,1,0.0
Product6,PP2-L3,2,0.0
Product6,PP2-L3,3,0.0
Product6,PP2-L3,4,0.0
Product6,PP2-L3,5,0.0
Product6,PP2-L3,6,0.0
Product6,PP2-L3,7,0.0
Product6,PP2-L3,8,0.0
Product6,PP2-L3,9,0.0
Product6,PP2-L3,10,0.0
Product6,PP2-L3,11,0.0
Product6,PP2-L3,12,0.0
Product6,PP2-L3,13,0.0
Product6,PP2-L3,14,0.0
Product6,PP2-L3,15,0.0
Product6,PP2-L3,16,0.0
Product6,PP2-L3,17,0.0
Product6,PP2-L3,18,0.0
Product6,PP2-L3,19,0.0
Product6,PP2-L3,20,0.0
Product6,PP2-L3,21,0.0
Product6,PP2-L3,22,0.0
Product6,PP2-L3,23,0.0
Product6,PP2-L3,24,0.0
Product6,PP2-L3,25,0.0
Product6,PP2-L3,26,200.0
Product6,PP2-L3,27,0.0
Product6,PP2-L3,28,0.0
Product6,PP2-L3,29,40.0
Product6,PP2-L3,30,40.0
Product6,PP2-L3,31,160.0
Product6,PP2-L3,32,160.0
Product6,PP2-L3,33,40.0
Product6,PP2-L3,34,0.0
Product6,PP2-L3,35,0.0
Product6,PP2-L4,1,0.0
Product6,PP2-L4,2,0.0
Product6,PP2-L4,3,0.0
Product6,PP2-L4,4,0.0
Product6,PP2-L4,5,0.0
Product6,PP2-L4,6,0.0
Product6,PP2-L4,7,0.0
Product6,PP2-L4,8,0.0
Product6,PP2-L4,9,0.0
Product6,PP2-L4,10,0.0
Product6,PP2-L4,11,0.0
Product6,PP2-L4,12,0.0
Product6,PP2-L4,13,0.0
Product6,PP2-L4,14,0.0
Product6,PP2-L4,15,0.0
Product6,PP2-L4,16,0.0
Product6,PP2-L4,17,0.0
Product6,PP2-L4,18,0.0
Product6,PP2-L4,19,0.0
Product6,PP2-L4,20,0.0
Product6,PP2-L4,21,0.0
Product6,PP2-L4,22,0.0
Product6,PP2-L4,23,0.0
Product6,PP2-L4,24,0.0
Product6,PP2-L4,25,80.0
Product6,PP2-L4,26,0.0
Product6,PP2-L4,27,0.0
Product6,PP2-L4,28,0.0
Product6,PP2-L4,29,0.0
Product6,PP2-L4,30,0.0
Product6,PP2-L4,31,0.0
Product6,PP2-L4,32,0.0
Product6,PP2-L4,33,0.0
Product6,PP2-L4,34,40.0
Product6,PP2-L4,35,0.0
Product6,PP3-L0,1,0.0
Product6,PP3-L0,2,0.0
Product6,PP3-L0,3,0.0
Product6,PP3-L0,4,0.0
Product6,PP3-L0,5,0.0
Product6,PP3-L0,6,0.0
Product6,PP3-L0,7,0.0
Product6,PP3-L0,8,0.0
Product6,PP3-L0,9,0.0
Product6,PP3-L0,10,0.0
Product6,PP3-L0,11,0.0
Product6,PP3-L0,12,0.0
Product6,PP3-L0,13,0.0
Product6,PP3-L0,14,0.0
Product6,PP3-L0,15,0.0
Product6,PP3-L0,16,0.0
Product6,PP3-L0,17,0.0
Product6,PP3-L0,18,0.0
Product6,PP3-L0,19,0.0
Product6,PP3-L0,20,0.0
Product6,PP3-L0,21,0.0
Product6,PP3-L0,22,0.0
Product6,PP3-L0,23,0.0
Product6,PP3-L0,24,0.0
Product6,PP3-L0,25,40.0
Product6,PP3-L0,26,0.0
Product6,PP3-L0,27,0.0
Product6,PP3-L0,28,0.0
Product6,PP3-L0,29,0.0
Product6,PP3-L0,30,40.0
Product6,PP3-L0,31,0.0
Product6,PP3-L0,32,0.0
Product6,PP3-L0,33,0.0
Product6,PP3-L0,34,40.0
Product6,PP3-L0,35,200.0
Product6,PP3-L1,1,0.0
Product6,PP3-L1,2,0.0
Product6,PP3-L1,3,0.0
Product6,PP3-L1,4,0.0
Product6,PP3-L1,5,0.0
Product6,PP3-L1,6,0.0
Product6,PP3-L1,7,0.0
Product6,PP3-L1,8,0.0
Product6,PP3-L1,9,0.0
Product6,PP3-L1,10,0.0
Product6,PP3-L1,11,0.0
Product6,PP3-L1,12,0.0
Product6,PP3-L1,13,0.0
Product6,PP3-L1,14,0.0
Product6,PP3-L1,15,0.0
Product6,PP3-L1,16,0.0
Product6,PP3-L1,17,0.0
Product6,PP3-L1,18,0.0
Product6,PP3-L1,19,0.0
Product6,PP3-L1,20,0.0
Product6,PP3-L1,21,0.0
Product6,PP3-L1,22,0.0
Product6,PP3-L1,23,0.0
Product6,PP3-L1,24,0.0
Product6,PP3-L1,25,0.0
Product6,PP3-L1,26,0.0
Product6,PP3-L1,27,0.0
Product6,PP3-L1,28,0.0
Product6,PP3-L1,29,0.0
Product6,PP3-L1,30,0.0
Product6,PP3-L1,31,80.0
Product6,PP3-L1,32,0.0
Product6,PP3-L1,33,0.0
Product6,PP3-L1,34,0.0
Product6,PP3-L1,35,0.0
Product6,PP3-L2,1,0.0
Product6,PP3-L2,2,0.0
Product6,PP3-L2,3,0.0
Product6,PP3-L2,4,0.0
Product6,PP3-L2,5,0.0
Product6,PP3-L2,6,0.0
Product6,PP3-L2,7,0.0
Product6,PP3-L2,8,0.0
Product6,PP3-L2,9,0.0
Product6,PP3-L2,10,0.0
Product6,PP3-L2,11,0.0
Product6,PP3-L2,12,0.0
Product6,PP3-L2,13,0.0
Product6,PP3-L2,14,0.0
Product6,PP3-L2,15,0.0
Product6,PP3-L2,16,0.0
Product6,PP3-L2,17,0.0
Product6,PP3-L2,18,0.0
Product6,PP3-L2,19,0.0
Product6,PP3-L2,20,0.0
Product6,PP3-L2,21,0.0
Product6,PP3-L2,22,0.0
Product6,PP3-L2,23,0.0
Product6,PP3-L2,24,0.0
Product6,PP3-L2,25,0.0
Product6,PP3-L2,26,0.0
Product6,PP3-L2,27,0.0
Product6,PP3-L2,28,0.0
Product6,PP3-L2,29,0.0
Product6,PP3-L2,30,40.0
Product6,PP3-L2,31,120.0
Product6,PP3-L2,32,40.0
Product6,PP3-L2,33,0.0
Product6,PP3-L2,34,0.0
Product6,PP3-L2,35,0.0
Product6,PP3-L3,1,0.0
Product6,PP3-L3,2,0.0
Product6,PP3-L3,3,0.0
Product6,PP3-L3,4,0.0
Product6,PP3-L3,5,0.0
Product6,PP3-L3,6,0.0
Product6,PP3-L3,7,0.0
Product6,PP3-L3,8,0.0
Product6,PP3-L3,9,0.0
Product6,PP3-L3,10,0.0
Product6,PP3-L3,11,0.0
Product6,PP3-L3,12,0.0
Product6,PP3-L3,13,0.0
Product6,PP3-L3,14,0.0
Product6,PP3-L3,15,0.0
Product6,PP3-L3,16,0.0
Product6,PP3-L3,17,0.0
Product6,PP3-L3,18,0.0
Product6,PP3-L3,19,0.0
Product6,PP3-L3,20,0.0
Product6,PP3-L3,21,0.0
Product6,PP3-L3,22,0.0
Product6,PP3-L3,23,0.0
Product6,PP3-L3,24,200.0
Product6,PP3-L3,25,0.0
Product6,PP3-L3,26,0.0
Product6,PP3-L3,27,0.0
Product6,PP3-L3,28,0.0
Product6,PP3-L3,29,0.0
Product6,PP3-L3,30,120.0
Product6,PP3-L3,31,0.0
Product6,PP3-L3,32,0.0
Product6,PP3-L3,33,200.0
Product6,PP3-L3,34,0.0
Product6,PP3-L3,35,0.0
Product6,PP3-L4,1,0.0
Product6,PP3-L4,2,0.0
Product6,PP3-L4,3,0.0
Product6,PP3-L4,4,0.0
Product6,PP3-L4,5,0.0
Product6,PP3-L4,6,0.0
Product6,PP3-L4,7,0.0
Product6,PP3-L4,8,0.0
Product6,PP3-L4,9,0.0
Product6,PP3-L4,10,0.0
Product6,PP3-L4,11,0.0
Product6,PP3-L4,12,0.0
Product6,PP3-L4,13,0.0
Product6,PP3-L4,14,0.0
Product6,PP3-L4,15,0.0
Product6,PP3-L4,16,0.0
Product6,PP3-L4,17,0.0
Product6,PP3-L4,18,0.0
Product6,PP3-L4,19,0.0
Product6,PP3-L4,20,0.0
Product6,PP3-L4,21,0.0
Product6,PP3-L4,22,0.0
Product6,PP3-L4,23,0.0
Product6,PP3-L4,24,0.0
Product6,PP3-L4,25,0.0
Product6,PP3-L4,26,0.0
Product6,PP3-L4,27,200.0
Product6,PP3-L4,28,0.0
Product6,PP3-L4,29,0.0
Product6,PP3-L4,30,0.0
Product6,PP3-L4,31,0.0
Product6,PP3-L4,32,0.0
Product6,PP3-L4,33,0.0
Product6,PP3-L4,34,160.0
Product6,PP3-L4,35,0.0
Product6,PP4-L0,1,0.0
Product6,PP4-L0,2,0.0
Product6,PP4-L0,3,0.0
Product6,PP4-L0,4,0.0
Product6,PP4-L0,5,0.0
Product6,PP4-L0,6,0.0
Product6,PP4-L0,7,0.0
Product6,PP4-L0,8,0.0
Product6,PP4-L0,9,0.0
Product6,PP4-L0,10,0.0
Product6,PP4-L0,11,0.0
Product6,PP4-L0,12,0.0
Product6,PP4-L0,13,0.0
Product6,PP4-L0,14,0.0
Product6,PP4-L0,15,0.0
Product6,PP4-L0,16,0.0
Product6,PP4-L0,17,0.0
Product6,PP4-L0,18,0.0
Product6,PP4-L0,19,0.0
Product6,PP4-L0,20,0.0
Product6,PP4-L0,21,0.0
Product6,PP4-L0,22,0.0
Product6,PP4-L0,23,0.0
Product6,PP4-L0,24,120.0
Product6,PP4-L0,25,0.0
Product6,PP4-L0,26,0.0
Product6,PP4-L0,27,0.0
Product6,PP4-L0,28,200.0
Product6,PP4-L0,29,0.0
Product6,PP4-L0,30,200.0
Product6,PP4-L0,31,0.0
Product6,PP4-L0,32,0.0
Product6,PP4-L0,33,0.0
Product6,PP4-L0,34,0.0
Product6,PP4-L0,35,0.0
Product6,PP4-L1,1,0.0
Product6,PP4-L1,2,0.0
Product6,PP4-L1,3,0.0
Product6,PP4-L1,4,0.0
Product6,PP4-L1,5,0.0
Product6,PP4-L1,6,0.0
Product6,PP4-L1,7,0.0
Product6,PP4-L1,8,0.0
Product6,PP4-L1,9,0.0
Product6,PP4-L1,10,0.0
Product6,PP4-L1,11,0.0
Product6,PP4-L1,12,0.0
Product6,PP4-L1,13,0.0
Product6,PP4-L1,14,0.0
Product6,PP4-L1,15,0.0
Product6,PP4-L1,16,0.0
Product6,PP4-L1,17,0.0
Product6,PP4-L1,18,0.0
Product6,PP4-L1,19,0.0
Product6,PP4-L1,20,0.0
Product6,PP4-L1,21,0.0
Product6,PP4-L1,22,0.0
Product6,PP4-L1,23,0.0
Product6,PP4-L1,24,0.0
Product6,PP4-L1,25,0.0
Product6,PP4-L1,26,0.0
Product6,PP4-L1,27,40.0
Product6,PP4-L1,28,0.0
Product6,PP4-L1,29,0.0
Product6,PP4-L1,30,0.0
Product6,PP4-L1,31,0.0
Product6,PP4-L1,32,0.0
Product6,PP4-L1,33,0.0
Product6,PP4-L1,34,0.0
Product6,PP4-L1,35,0.0
Product6,PP4-L2,1,0.0
Product6,PP4-L2,2,0.0
Product6,PP4-L2,3,0.0
Product6,PP4-L2,4,0.0
Product6,PP4-L2,5,0.0
Product6,PP4-L2,6,0.0
Product6,PP4-L2,7,0.0
Product6,PP4-L2,8,0.0
Product6,PP4-L2,9,0.0
Product6,PP4-L2,10,0.0
Product6,PP4-L2,11,0.0
Product6,PP4-L2,12,0.0
Product6,PP4-L2,13,0.0
Product6,PP4-L2,14,0.0
Product6,PP4-L2,15,0.0
Product6,PP4-L2,16,0.0
Product6,PP4-L2,17,0.0
Product6,PP4-L2,18,0.0
Product6,PP4-L2,19,0.0
Product6,PP4-L2,20,0.0
Product6,PP4-L2,21,0.0
Product6,PP4-L2,22,0.0
Product6,PP4-L2,23,0.0
Product6,PP4-L2,24,0.0
Product6,PP4-L2,25,120.0
Product6,PP4-L2,26,0.0
Product6,PP4-L2,27,0.0
Product6,PP4-L2,28,0.0
Product6,PP4-L2,29,0.0
Product6,PP4-L2,30,0.0
Product6,PP4-L2,31,0.0
Product6,PP4-L2,32,0.0
Product6,PP4-L2,33,0.0
Product6,PP4-L2,34,0.0
Product6,PP4-L2,35,200.0
Product6,PP4-L3,1,0.0
Product6,PP4-L3,2,0.0
Product6,PP4-L3,3,0.0
Product6,PP4-L3,4,0.0
Product6,PP4-L3,5,0.0
Product6,PP4-L3,6,0.0
Product6,PP4-L3,7,0.0
Product6,PP4-L3,8,0.0
Product6,PP4-L3,9,0.0
Product6,PP4-L3,10,0.0
Product6,PP4-L3,11,0.0
Product6,PP4-L3,12,0.0
Product6,PP4-L3,13,0.0
Product6,PP4-L3,14,0.0
Product6,PP4-L3,15,0.0
Product6,PP4-L3,16,0.0
Product6,PP4-L3,17,0.0
Product6,PP4-L3,18,0.0
Product6,PP4-L3,19,0.0
Product6,PP4-L3,20,0.0
Product6,PP4-L3,21,0.0
Product6,PP4-L3,22,0.0
Product6,PP4-L3,23,0.0
Product6,PP4-L3,24,80.0
Product6,PP4-L3,25,0.0
Product6,PP4-L3,26,0.0
Product6,PP4-L3,27,0.0
Product6,PP4-L3,28,0.0
Product6,PP4-L3,29,0.0
Product6,PP4-L3,30,0.0
Product6,PP4-L3,31,200.0
Product6,PP4-L3,32,0.0
Product6,PP4-L3,33,0.0
Product6,PP4-L3,34,0.0
Product6,PP4-L3,35,0.0
Product6,PP4-L4,1,0.0
Product6,PP4-L4,2,0.0
Product6,PP4-L4,3,0.0
Product6,PP4-L4,4,0.0
Product6,PP4-L4,5,0.0
Product6,PP4-L4,6,0.0
Product6,PP4-L4,7,0.0
Product6,PP4-L4,8,0.0
Product6,PP4-L4,9,0.0
Product6,PP4-L4,10,0.0
Product6,PP4-L4,11,0.0
Product6,PP4-L4,12,0.0
Product6,PP4-L4,13,0.0
Product6,PP4-L4,14,0.0
Product6,PP4-L4,15,0.0
Product6,PP4-L4,16,0.0
Product6,PP4-L4,17,0.0
Product6,PP4-L4,18,0.0
Product6,PP4-L4,19,0.0
Product6,PP4-L4,20,0.0
Product6,PP4-L4,21,0.0
Product6,PP4-L4,22,0.0
Product6,PP4-L4,23,0.0
Product6,PP4-L4,24,0.0
Product6,PP4-L4,25,0.0
Product6,PP4-L4,26,0.0
Product6,PP4-L4,27,0.0
Product6,PP4-L4,28,0.0
Product6,PP4-L4,29,200.0
Product6,PP4-L4,30,0.0
Product6,PP4-L4,31,0.0
Product6,PP4-L4,32,0.0
Product6,PP4-L4,33,0.0
Product6,PP4-L4,34,0.0
Product6,PP4-L4,35,0.0
Product7,PP0-L0,1,0.0
Product7,PP0-L0,2,0.0
Product7,PP0-L0,3,0.0
Product7,PP0-L0,4,0.0
Product7,PP0-L0,5,0.0
Product7,PP0-L0,6,0.0
Product7,PP0-L0,7,0.0
Product7,PP0-L0,8,0.0
Product7,PP0-L0,9,0.0
Product7,PP0-L0,10,0.0
Product7,PP0-L0,11,0.0
Product7,PP0-L0,12,0.0
Product7,PP0-L0,13,0.0
Product7,PP0-L0,14,0.0
Product7,PP0-L0,15,0.0
Product7,PP0-L0,16,0.0
Product7,PP0-L0,17,0.0
Product7,PP0-L0,18,0.0
Product7,PP0-L0,19,0.0
Product7,PP0-L0,20,0.0
Product7,PP0-L0,21,0.0
Product7,PP0-L0,22,0.0
Product7,PP0-L0,23,0.0
Product7,PP0-L0,24,0.0
Product7,PP0-L0,25,0.0
Product7,PP0-L0,26,0.0
Product7,PP0-L0,27,40.0
Product7,PP0-L0,28,0.0
Product7,PP0-L0,29,0.0
Product7,PP0-L0,30,0.0
Product7,PP0-L0,31,0.0
Product7,PP0-L0,32,0.0
Product7,PP0-L0,33,0.0
Product7,PP0-L0,34,120.0
Product7,PP0-L0,35,0.0
Product7,PP0-L1,1,0.0
Product7,PP0-L1,2,0.0
Product7,PP0-L1,3,0.0
Product7,PP0-L1,4,0.0
Product7,PP0-L1,5,0.0
Product7,PP0-L1,6,0.0
Product7,PP0-L1,7,0.0
Product7,PP0-L1,8,0.0
Product7,PP0-L1,9,0.0
Product7,PP0-L1,10,0.0
Product7,PP0-L1,11,0.0
Product7,PP0-L1,12,0.0
Product7,PP0-L1,13,0.0
Product7,PP0-L1,14,0.0
Product7,PP0-L1,15,0.0
Product7,PP0-L1,16,0.0
Product7,PP0-L1,17,0.0
Product7,PP0-L1,18,0.0
Product7,PP0-L1,19,0.0
Product7,PP0-L1,20,0.0
Product7,PP0-L1,21,0.0
Product7,PP0-L1,22,0.0
Product7,PP0-L1,23,0.0
Product7,PP0-L1,24,0.0
Product7,PP0-L1,25,0.0
Product7,PP0-L1,26,0.0
Product7,PP0-L1,27,160.0
Product7,PP0-L1,28,0.0
Product7,PP0-L1,29,0.0
Product7,PP0-L1,30,40.0
Product7,PP0-L1,31,0.0
Product7,PP0-L1,32,0.0
Product7,PP0-L1,33,0.0
Product7,PP0-L1,34,0.0
Product7,PP0-L1,35,0.0
Product7,PP0-L2,1,0.0
Product7,PP0-L2,2,0.0
Product7,PP0-L2,3,0.0
Product7,PP0-L2,4,0.0
Product7,PP0-L2,5,0.0
Product7,PP0-L2,6,0.0
Product7,PP0-L2,7,0.0
Product7,PP0-L2,8,0.0
Product7,PP0-L2,9,0.0
Product7,PP0-L2,10,0.0
Product7,PP0-L2,11,0.0
Product7,PP0-L2,12,0.0
Product7,PP0-L2,13,0.0
Product7,PP0-L2,14,0.0
Product7,PP0-L2,15,0.0
Product7,PP0-L2,16,0.0
Product7,PP0-L2,17,0.0
Product7,PP0-L2,18,0.0
Product7,PP0-L2,19,0.0
Product7,PP0-L2,20,0.0
Product7,PP0-L2,21,0.0
Product7,PP0-L2,22,0.0
Product7,PP0-L2,23,0.0
Product7,PP0-L2,24,0.0
Product7,PP0-L2,25,0.0
Product7,PP0-L2,26,0.0
Product7,PP0-L2,27,0.0
Product7,PP0-L2,28,0.0
Product7,PP0-L2,29,200.0
Product7,PP0-L2,30,160.0
Product7,PP0-L2,31,0.0
Product7,PP0-L2,32,0.0
Product7,PP0-L2,33,0.0
Product7,PP0-L2,34,0.0
Product7,PP0-L2,35,0.0
Product7,PP0-L3,1,0.0
Product7,PP0-L3,2,0.0
Product7,PP0-L3,3,0.0
Product7,PP0-L3,4,0.0
Product7,PP0-L3,5,0.0
Product7,PP0-L3,6,0.0
Product7,PP0-L3,7,0.0
Product7,PP0-L3,8,0.0
Product7,PP0-L3,9,0.0
Product7,PP0-L3,10,0.0
Product7,PP0-L3,11,0.0
Product7,PP0-L3,12,0.0
Product7,PP0-L3,13,0.0
Product7,PP0-L3,14,0.0
Product7,PP0-L3,15,0.0
Product7,PP0-L3,16,0.0
Product7,PP0-L3,17,0.0
Product7,PP0-L3,18,0.0
Product7,PP0-L3,19,0.0
Product7,PP0-L3,20,0.0
Product7,PP0-L3,21,0.0
Product7,PP0-L3,22,0.0
Product7,PP0-L3,23,0.0
Product7,PP0-L3,24,0.0
Product7,PP0-L3,25,0.0
Product7,PP0-L3,26,0.0
Product7,PP0-L3,27,0.0
Product7,PP0-L3,28,0.0
Product7,PP0-L3,29,0.0
Product7,PP0-L3,30,0.0
Product7,PP0-L3,31,0.0
Product7,PP0-L3,32,0.0
Product7,PP0-L3,33,0.0
Product7,PP0-L3,34,80.0
Product7,PP0-L3,35,0.0
Product7,PP0-L4,1,0.0
Product7,PP0-L4,2,0.0
Product7,PP0-L4,3,0.0
Product7,PP0-L4,4,0.0
Product7,PP0-L4,5,0.0
Product7,PP0-L4,6,0.0
Product7,PP0-L4,7,0.0
Product7,PP0-L4,8,0.0
Product7,PP0-L4,9,0.0
Product7,PP0-L4,10,0.0
Product7,PP0-L4,11,0.0
Product7,PP0-L4,12,0.0
Product7,PP0-L4,13,0.0
Product7,PP0-L4,14,0.0
Product7,PP0-L4,15,0.0
Product7,PP0-L4,16,0.0
Product7,PP0-L4,17,0.0
Product7,PP0-L4,18,0.0
Product7,PP0-L4,19,0.0
Product7,PP0-L4,20,0.0
Product7,PP0-L4,21,0.0
Product7,PP0-L4,22,0.0
Product7,PP0-L4,23,0.0
Product7,PP0-L4,24,200.0
Product7,PP0-L4,25,0.0
Product7,PP0-L4,26,0.0
Product7,PP0-L4,27,0.0
Product7,PP0-L4,28,0.0
Product7,PP0-L4,29,0.0
Product7,PP0-L4,30,0.0
Product7,PP0-L4,31,0.0
Product7,PP0-L4,32,0.0
Product7,PP0-L4,33,80.0
Product7,PP0-L4,34,0.0
Product7,PP0-L4,35,0.0
Product7,PP1-L0,1,0.0
Product7,PP1-L0,2,0.0
Product7,PP1-L0,3,0.0
Product7,PP1-L0,4,0.0
Product7,PP1-L0,5,0.0
Product7,PP1-L0,6,0.0
Product7,PP1-L0,7,0.0
Product7,PP1-L0,8,0.0
Product7,PP1-L0,9,0.0
Product7,PP1-L0,10,0.0
Product7,PP1-L0,11,0.0
Product7,PP1-L0,12,0.0
Product7,PP1-L0,13,0.0
Product7,PP1-L0,14,0.0
Product7,PP1-L0,15,0.0
Product7,PP1-L0,16,0.0
Product7,PP1-L0,17,0.0
Product7,PP1-L0,18,0.0
Product7,PP1-L0,19,0.0
Product7,PP1-L0,20,0.0
Product7,PP1-L0,21,0.0
Product7,PP1-L0,22,0.0
Product7,PP1-L0,23,0.0
Product7,PP1-L0,24,0.0
Product7,PP1-L0,25,40.0
Product7,PP1-L0,26,0.0
Product7,PP1-L0,27,0.0
Product7,PP1-L0,28,0.0
Product7,PP1-L0,29,0.0
Product7,PP1-L0,30,0.0
Product7,PP1-L0,31,0.0
Product7,PP1-L0,32,0.0
Product7,PP1-L0,33,0.0
Product7,PP1-L0,34,0.0
Product7,PP1-L0,35,0.0
Product7,PP1-L1,1,0.0
Product7,PP1-L1,2,0.0
Product7,PP1-L1,3,0.0
Product7,PP1-L1,4,0.0
Product7,PP1-L1,5,0.0
Product7,PP1-L1,6,0.0
Product7,PP1-L1,7,0.0
Product7,PP1-L1,8,0.0
Product7,PP1-L1,9,0.0
Product7,PP1-L1,10,0.0
Product7,PP1-L1,11,0.0
Product7,PP1-L1,12,0.0
Product7,PP1-L1,13,0.0
Product7,PP1-L1,14,0.0
Product7,PP1-L1,15,0.0
Product7,PP1-L1,16,0.0
Product7,PP1-L1,17,0.0
Product7,PP1-L1,18,0.0
Product7,PP1-L1,19,0.0
Product7,PP1-L1,20,0.0
Product7,PP1-L1,21,0.0
Product7,PP1-L1,22,0.0
Product7,PP1-L1,23,0.0
Product7,PP1-L1,24,0.0
Product7,PP1-L1,25,0.0
Product7,PP1-L1,26,0.0
Product7,PP1-L1,27,0.0
Product7,PP1-L1,28,0.0
Product7,PP1-L1,29,0.0
Product7,PP1-L1,30,0.0
Product7,PP1-L1,31,200.0
Product7,PP1-L1,32,160.0
Product7,PP1-L1,33,120.0
Product7,PP1-L1,34,0.0
Product7,PP1-L1,35,0.0
Product7,PP1-L2,1,0.0
Product7,PP1-L2,2,0.0
Product7,PP1-L2,3,0.0
Product7,PP1-L2,4,0.0
Product7,PP1-L2,5,0.0
Product7,PP1-L2,6,0.0
Product7,PP1-L2,7,0.0
Product7,PP1-L2,8,0.0
Product7,PP1-L2,9,0.0
Product7,PP1-L2,10,0.0
Product7,PP1-L2,11,0.0
Product7,PP1-L2,12,0.0
Product7,PP1-L2,13,0.0
Product7,PP1-L2,14,0.0
Product7,PP1-L2,15,0.0
Product7,PP1-L2,16,0.0
Product7,PP1-L2,17,0.0
Product7,PP1-L2,18,0.0
Product7,PP1-L2,19,0.0
Product7,PP1-L2,20,0.0
Product7,PP1-L2,21,0.0
Product7,PP1-L2,22,0.0
Product7,PP1-L2,23,0.0
Product7,PP1-L2,24,0.0
Product7,PP1-L2,25,40.0
Product7,PP1-L2,26,200.0
Product7,PP1-L2,27,120.0
Product7,PP1-L2,28,0.0
Product7,PP1-L2,29,0.0
Product7,PP1-L2,30,80.0
Product7,PP1-L2,31,0.0
Product7,PP1-L2,32,0.0
Product7,PP1-L2,33,0.0
Product7,PP1-L2,34,160.0
Product7,PP1-L2,35,160.0
Product7,PP1-L3,1,0.0
Product7,PP1-L3,2,0.0
Product7,PP1-L3,3,0.0
Product7,PP1-L3,4,0.0
Product7,PP1-L3,5,0.0
Product7,PP1-L3,6,0.0
Product7,PP1-L3,7,0.0
Product7,PP1-L3,8,0.0
Product7,PP1-L3,9,0.0
Product7,PP1-L3,10,0.0
Product7,PP1-L3,11,0.0
Product7,PP1-L3,12,0.0
Product7,PP1-L3,13,0.0
Product7,PP1-L3,14,0.0
Product7,PP1-L3,15,0.0
Product7,PP1-L3,16,0.0
Product7,PP1-L3,17,0.0
Product7,PP1-L3,18,0.0
Product7,PP1-L3,19,0.0
Product7,PP1-L3,20,0.0
Product7,PP1-L3,21,0.0
Product7,PP1-L3,22,0.0
Product7,PP1-L3,23,0.0
Product7,PP1-L3,24,200.0
Product7,PP1-L3,25,0.0
Product7,PP1-L3,26,0.0
Product7,PP1-L3,27,0.0
Product7,PP1-L3,28,0.0
Product7,PP1-L3,29,0.0
Product7,PP1-L3,30,80.0
Product7,PP1-L3,31,0.0
Product7,PP1-L3,32,0.0
Product7,PP1-L3,33,0.0
Product7,PP1-L3,34,0.0
Product7,PP1-L3,35,40.0
Product7,PP1-L4,1,0.0
Product7,PP1-L4,2,0.0
Product7,PP1-L4,3,0.0
Product7,PP1-L4,4,0.0
Product7,PP1-L4,5,0.0
Product7,PP1-L4,6,0.0
Product7,PP1-L4,7,0.0
Product7,PP1-L4,8,0.0
Product7,PP1-L4,9,0.0
Product7,PP1-L4,10,0.0
Product7,PP1-L4,11,0.0
Product7,PP1-L4,12,0.0
Product7,PP1-L4,13,0.0
Product7,PP1-L4,14,0.0
Product7,PP1-L4,15,0.0
Product7,PP1-L4,16,0.0
Product7,PP1-L4,17,0.0
Product7,PP1-L4,18,0.0
Product7,PP1-L4,19,0.0
Product7,PP1-L4,20,0.0
Product7,PP1-L4,21,0.0
Product7,PP1-L4,22,0.0
Product7,PP1-L4,23,0.0
Product7,PP1-L4,24,0.0
Product7,PP1-L4,25,0.0
Product7,PP1-L4,26,0.0
Product7,PP1-L4,27,0.0
Product7,PP1-L4,28,200.0
Product7,PP1-L4,29,0.0
Product7,PP1-L4,30,40.0
Product7,PP1-L4,31,0.0
Product7,PP1-L4,32,40.0
Product7,PP1-L4,33,80.0
Product7,PP1-L4,34,40.0
Product7,PP1-L4,35,0.0
Product7,PP2-L0,1,0.0
Product7,PP2-L0,2,0.0
Product7,PP2-L0,3,0.0
Product7,PP2-L0,4,0.0
Product7,PP2-L0,5,0.0
Product7,PP2-L0,6,0.0
Product7,PP2-L0,7,0.0
Product7,PP2-L0,8,0.0
Product7,PP2-L0,9,0.0
Product7,PP2-L0,10,0.0
Product7,PP2-L0,11,0.0
Product7,PP2-L0,12,0.0
Product7,PP2-L0,13,0.0
Product7,PP2-L0,14,0.0
Product7,PP2-L0,15,0.0
Product7,PP2-L0,16,0.0
Product7,PP2-L0,17,0.0
Product7,PP2-L0,18,0.0
Product7,PP2-L0,19,0.0
Product7,PP2-L0,20,0.0
Product7,PP2-L0,21,0.0
Product7,PP2-L0,22,0.0
Product7,PP2-L0,23,0.0
Product7,PP2-L0,24,200.0
Product7,PP2-L0,25,0.0
Product7,PP2-L0,26,0.0
Product7,PP2-L0,27,160.0
Product7,PP2-L0,28,0.0
Product7,PP2-L0,29,0.0
Product7,PP2-L0,30,0.0
Product7,PP2-L0,31,0.0
Product7,PP2-L0,32,0.0
Product7,PP2-L0,33,0.0
Product7,PP2-L0,34,0.0
Product7,PP2-L0,35,0.0
Product7,PP2-L1,1,0.0
Product7,PP2-L1,2,0.0
Product7,PP2-L1,3,0.0
Product7,PP2-L1,4,0.0
Product7,PP2-L1,5,0.0
Product7,PP2-L1,6,0.0
Product7,PP2-L1,7,0.0
Product7,PP2-L1,8,0.0
Product7,PP2-L1,9,0.0
Product7,PP2-L1,10,0.0
Product7,PP2-L1,11,0.0
Product7,PP2-L1,12,0.0
Product7,PP2-L1,13,0.0
Product7,PP2-L1,14,0.0
Product7,PP2-L1,15,0.0
Product7,PP2-L1,16,0.0
Product7,PP2-L1,17,0.0
Product7,PP2-L1,18,0.0
Product7,PP2-L1,19,0.0
Product7,PP2-L1,20,0.0
Product7,PP2-L1,21,0.0
Product7,PP2-L1,22,0.0
Product7,PP2-L1,23,0.0
Product7,PP2-L1,24,0.0
Product7,PP2-L1,25,120.0
Product7,PP2-L1,26,0.0
Product7,PP2-L1,27,0.0
Product7,PP2-L1,28,0.0
Product7,PP2-L1,29,0.0
Product7,PP2-L1,30,0.0
Product7,PP2-L1,31,0.0
Product7,PP2-L1,32,0.0
Product7,PP2-L1,33,0.0
Product7,PP2-L1,34,0.0
Product7,PP2-L1,35,0.0
Product7,PP2-L2,1,0.0
Product7,PP2-L2,2,0.0
Product7,PP2-L2,3,0.0
Product7,PP2-L2,4,0.0
Product7,PP2-L2,5,0.0
Product7,PP2-L2,6,0.0
Product7,PP2-L2,7,0.0
Product7,PP2-L2,8,0.0
Product7,PP2-L2,9,0.0
Product7,PP2-L2,10,0.0
Product7,PP2-L2,11,0.0
Product7,PP2-L2,12,0.0
Product7,PP2-L2,13,0.0
Product7,PP2-L2,14,0.0
Product7,PP2-L2,15,0.0
Product7,PP2-L2,16,0.0
Product7,PP2-L2,17,0.0
Product7,PP2-L2,18,0.0
Product7,PP2-L2,19,0.0
Product7,PP2-L2,20,0.0
Product7,PP2-L2,21,0.0
Product7,PP2-L2,22,0.0
Product7,PP2-L2,23,0.0
Product7,PP2-L2,24,0.0
Product7,PP2-L2,25,80.0
Product7,PP2-L2,26,0.0
Product7,PP2-L2,27,0.0
Product7,PP2-L2,28,200.0
Product7,PP2-L2,29,0.0
Product7,PP2-L2,30,0.0
Product7,PP2-L2,31,0.0
Product7,PP2-L2,32,0.0
Product7,PP2-L2,33,0.0
Product7,PP2-L2,34,0.0
Product7,PP2-L2,35,200.0
Product7,PP2-L3,1,0.0
Product7,PP2-L3,2,0.0
Product7,PP2-L3,3,0.0
Product7,PP2-L3,4,0.0
Product7,PP2-L3,5,0.0
Product7,PP2-L3,6,0.0
Product7,PP2-L3,7,0.0
Product7,PP2-L3,8,0.0
Product7,PP2-L3,9,0.0
Product7,PP2-L3,10,0.0
Product7,PP2-L3,11,0.0
Product7,PP2-L3,12,0.0
Product7,PP2-L3,13,0.0
Product7,PP2-L3,14,0.0
Product7,PP2-L3,15,0.0
Product7,PP2-L3,16,0.0
Product7,PP2-L3,17,0.0
Product7,PP2-L3,18,0.0
Product7,PP2-L3,19,0.0
Product7,PP2-L3,20,0.0
Product7,PP2-L3,21,0.0
Product7,PP2-L3,22,0.0
Product7,PP2-L3,23,0.0
Product7,PP2-L3,24,0.0
Product7,PP2-L3,25,0.0
Product7,PP2-L3,26,0.0
Product7,PP2-L3,27,0.0
Product7,PP2-L3,28,0.0
Product7,PP2-L3,29,200.0
Product7,PP2-L3,30,0.0
Product7,PP2-L3,31,0.0
Product7,PP2-L3,32,0.0
Product7,PP2-L3,33,200.0
Product7,PP2-L3,34,0.0
Product7,PP2-L3,35,0.0
Product7,PP2-L4,1,0.0
Product7,PP2-L4,2,0.0
Product7,PP2-L4,3,0.0
Product7,PP2-L4,4,0.0
Product7,PP2-L4,5,0.0
Product7,PP2-L4,6,0.0
Product7,PP2-L4,7,0.0
Product7,PP2-L4,8,0.0
Product7,PP2-L4,9,0.0
Product7,PP2-L4,10,0.0
Product7,PP2-L4,11,0.0
Product7,PP2-L4,12,0.0
Product7,PP2-L4,13,0.0
Product7,PP2-L4,14,0.0
Product7,PP2-L4,15,0.0
Product7,PP2-L4,16,0.0
Product7,PP2-L4,17,0.0
Product7,PP2-L4,18,0.0
Product7,PP2-L4,19,0.0
Product7,PP2-L4,20,0.0
Product7,PP2-L4,21,0.0
Product7,PP2-L4,22,0.0
Product7,PP2-L4,23,0.0
Product7,PP2-L4,24,0.0
Product7,PP2-L4,25,0.0
Product7,PP2-L4,26,120.0
Product7,PP2-L4,27,40.0
Product7,PP2-L4,28,0.0
Product7,PP2-L4,29,0.0
Product7,PP2-L4,30,0.0
Product7,PP2-L4,31,0.0
Product7,PP2-L4,32,0.0
Product7,PP2-L4,33,0.0
Product7,PP2-L4,34,200.0
Product7,PP2-L4,35,0.0
Product7,PP3-L0,1,0.0
Product7,PP3-L0,2,0.0
Product7,PP3-L0,3,0.0
Product7,PP3-L0,4,0.0
Product7,PP3-L0,5,0.0
Product7,PP3-L0,6,0.0
Product7,PP3-L0,7,0.0
Product7,PP3-L0,8,0.0
Product7,PP3-L0,9,0.0
Product7,PP3-L0,10,0.0
Product7,PP3-L0,11,0.0
Product7,PP3-L0,12,0.0
Product7,PP3-L0,13,0.0
Product7,PP3-L0,14,0.0
Product7,PP3-L0,15,0.0
Product7,PP3-L0,16,0.0
Product7,PP3-L0,17,0.0
Product7,PP3-L0,18,0.0
Product7,PP3-L0,19,0.0
Product7,PP3-L0,20,0.0
Product7,PP3-L0,21,0.0
Product7,PP3-L0,22,0.0
Product7,PP3-L0,23,0.0
Product7,PP3-L0,24,0.0
Product7,PP3-L0,25,0.0
Product7,PP3-L0,26,0.0
Product7,PP3-L0,27,200.0
Product7,PP3-L0,28,0.0
Product7,PP3-L0,29,0.0
Product7,PP3-L0,30,0.0
Product7,PP3-L0,31,40.0
Product7,PP3-L0,32,0.0
Product7,PP3-L0,33,0.0
Product7,PP3-L0,34,0.0
Product7,PP3-L0,35,0.0
Product7,PP3-L1,1,0.0
Product7,PP3-L1,2,0.0
Product7,PP3-L1,3,0.0
Product7,PP3-L1,4,0.0
Product7,PP3-L1,5,0.0
Product7,PP3-L1,6,0.0
Product7,PP3-L1,7,0.0
Product7,PP3-L1,8,0.0
Product7,PP3-L1,9,0.0
Product7,PP3-L1,10,0.0
Product7,PP3-L1,11,0.0
Product7,PP3-L1,12,0.0
Product7,PP3-L1,13,0.0
Product7,PP3-L1,14,0.0
Product7,PP3-L1,15,0.0
Product7,PP3-L1,16,0.0
Product7,PP3-L1,17,0.0
Product7,PP3-L1,18,0.0
Product7,PP3-L1,19,0.0
Product7,PP3-L1,20,0.0
Product7,PP3-L1,21,0.0
Product7,PP3-L1,22,0.0
Product7,PP3-L1,23,0.0
Product7,PP3-L1,24,0.0
Product7,PP3-L1,25,0.0
Product7,PP3-L1,26,200.0
Product7,PP3-L1,27,0.0
Product7,PP3-L1,28,0.0
Product7,PP3-L1,29,0.0
Product7,PP3-L1,30,40.0
Product7,PP3-L1,31,0.0
Product7,PP3-L1,32,0.0
Product7,PP3-L1,33,0.0
Product7,PP3-L1,34,200.0
Product7,PP3-L1,35,0.0
Product7,PP3-L2,1,0.0
Product7,PP3-L2,2,0.0
Product7,PP3-L2,3,0.0
Product7,PP3-L2,4,0.0
Product7,PP3-L2,5,0.0
Product7,PP3-L2,6,0.0
Product7,PP3-L2,7,0.0
Product7,PP3-L2,8,0.0
Product7,PP3-L2,9,0.0
Product7,PP3-L2,10,0.0
Product7,PP3-L2,11,0.0
Product7,PP3-L2,12,0.0
Product7,PP3-L2,13,0.0
Product7,PP3-L2,14,0.0
Product7,PP3-L2,15,0.0
Product7,PP3-L2,16,0.0
Product7,PP3-L2,17,0.0
Product7,PP3-L2,18,0.0
Product7,PP3-L2,19,0.0
Product7,PP3-L2,20,0.0
Product7,PP3-L2,21,0.0
Product7,PP3-L2,22,0.0
Product7,PP3-L2,23,0.0
Product7,PP3-L2,24,0.0
Product7,PP3-L2,25,0.0
Product7,PP3-L2,26,0.0
Product7,PP3-L2,27,0.0
Product7,PP3-L2,28,0.0
Product7,PP3-L2,29,40.0
Product7,PP3-L2,30,0.0
Product7,PP3-L2,31,0.0
Product7,PP3-L2,32,200.0
Product7,PP3-L2,33,0.0
Product7,PP3-L2,34,0.0
Product7,PP3-L2,35,200.0
Product7,PP3-L3,1,0.0
Product7,PP3-L3,2,0.0
Product7,PP3-L3,3,0.0
Product7,PP3-L3,4,0.0
Product7,PP3-L3,5,0.0
Product7,PP3-L3,6,0.0
Product7,PP3-L3,7,0.0
Product7,PP3-L3,8,0.0
Product7,PP3-L3,9,0.0
Product7,PP3-L3,10,0.0
Product7,PP3-L3,11,0.0
Product7,PP3-L3,12,0.0
Product7,PP3-L3,13,0.0
Product7,PP3-L3,14,0.0
Product7,PP3-L3,15,0.0
Product7,PP3-L3,16,0.0
Product7,PP3-L3,17,0.0
Product7,PP3-L3,18,0.0
Product7,PP3-L3,19,0.0
Product7,PP3-L3,20,0.0
Product7,PP3-L3,21,0.0
Product7,PP3-L3,22,0.0
Product7,PP3-L3,23,0.0
Product7,PP3-L3,24,0.0
Product7,PP3-L3,25,40.0
Product7,PP3-L3,26,0.0
Product7,PP3-L3,27,0.0
Product7,PP3-L3,28,0.0
Product7,PP3-L3,29,0.0
Product7,PP3-L3,30,120.0
Product7,PP3-L3,31,160.0
Product7,PP3-L3,32,0.0
Product7,PP3-L3,33,0.0
Product7,PP3-L3,34,0.0
Product7,PP3-L3,35,0.0
Product7,PP3-L4,1,0.0
Product7,PP3-L4,2,0.0
Product7,PP3-L4,3,0.0
Product7,PP3-L4,4,0.0
Product7,PP3-L4,5,0.0
Product7,PP3-L4,6,0.0
Product7,PP3-L4,7,0.0
Product7,PP3-L4,8,0.0
Product7,PP3-L4,9,0.0
Product7,PP3-L4,10,0.0
Product7,PP3-L4,11,0.0
Product7,PP3-L4,12,0.0
Product7,PP3-L4,13,0.0
Product7,PP3-L4,14,0.0
Product7,PP3-L4,15,0.0
Product7,PP3-L4,16,0.0
Product7,PP3-L4,17,0.0
Product7,PP3-L4,18,0.0
Product7,PP3-L4,19,0.0
Product7,PP3-L4,20,0.0
Product7,PP3-L4,21,0.0
Product7,PP3-L4,22,0.0
Product7,PP3-L4,23,0.0
Product7,PP3-L4,24,200.0
Product7,PP3-L4,25,0.0
Product7,PP3-L4,26,0.0
Product7,PP3-L4,27,0.0
Product7,PP3-L4,28,0.0
Product7,PP3-L4,29,160.0
Product7,PP3-L4,30,40.0
Product7,PP3-L4,31,0.0
Product7,PP3-L4,32,0.0
Product7,PP3-L4,33,120.0
Product7,PP3-L4,34,0.0
Product7,PP3-L4,35,0.0
Product7,PP4-L0,1,0.0
Product7,PP4-L0,2,0.0
Product7,PP4-L0,3,0.0
Product7,PP4-L0,4,0.0
Product7,PP4-L0,5,0.0
Product7,PP4-L0,6,0.0
Product7,PP4-L0,7,0.0
Product7,PP4-L0,8,0.0
Product7,PP4-L0,9,0.0
Product7,PP4-L0,10,0.0
Product7,PP4-L0,11,0.0
Product7,PP4-L0,12,0.0
Product7,PP4-L0,13,0.0
Product7,PP4-L0,14,0.0
Product7,PP4-L0,15,0.0
Product7,PP4-L0,16,0.0
Product7,PP4-L0,17,0.0
Product7,PP4-L0,18,0.0
Product7,PP4-L0,19,0.0
Product7,PP4-L0,20,0.0
Product7,PP4-L0,21,0.0
Product7,PP4-L0,22,0.0
Product7,PP4-L0,23,0.0
Product7,PP4-L0,24,0.0
Product7,PP4-L0,25,40.0
Product7,PP4-L0,26,40.0
Product7,PP4-L0,27,200.0
Product7,PP4-L0,28,0.0
Product7,PP4-L0,29,0.0
Product7,PP4-L0,30,0.0
Product7,PP4-L0,31,0.0
Product7,PP4-L0,32,0.0
Product7,PP4-L0,33,0.0
Product7,PP4-L0,34,0.0
Product7,PP4-L0,35,80.0
Product7,PP4-L1,1,0.0
Product7,PP4-L1,2,0.0
Product7,PP4-L1,3,0.0
Product7,PP4-L1,4,0.0
Product7,PP4-L1,5,0.0
Product7,PP4-L1,6,0.0
Product7,PP4-L1,7,0.0
Product7,PP4-L1,8,0.0
Product7,PP4-L1,9,0.0
Product7,PP4-L1,10,0.0
Product7,PP4-L1,11,0.0
Product7,PP4-L1,12,0.0
Product7,PP4-L1,13,0.0
Product7,PP4-L1,14,0.0
Product7,PP4-L1,15,0.0
Product7,PP4-L1,16,0.0
Product7,PP4-L1,17,0.0
Product7,PP4-L1,18,0.0
Product7,PP4-L1,19,0.0
Product7,PP4-L1,20,0.0
Product7,PP4-L1,21,0.0
Product7,PP4-L1,22,0.0
Product7,PP4-L1,23,0.0
Product7,PP4-L1,24,0.0
Product7,PP4-L1,25,40.0
Product7,PP4-L1,26,40.0
Product7,PP4-L1,27,0.0
Product7,PP4-L1,28,0.0
Product7,PP4-L1,29,0.0
Product7,PP4-L1,30,0.0
Product7,PP4-L1,31,160.0
Product7,PP4-L1,32,0.0
Product7,PP4-L1,33,0.0
Product7,PP4-L1,34,0.0
Product7,PP4-L1,35,0.0
Product7,PP4-L2,1,0.0
Product7,PP4-L2,2,0.0
Product7,PP4-L2,3,0.0
Product7,PP4-L2,4,0.0
Product7,PP4-L2,5,0.0
Product7,PP4-L2,6,0.0
Product7,PP4-L2,7,0.0
Product7,PP4-L2,8,0.0
Product7,PP4-L2,9,0.0
Product7,PP4-L2,10,0.0
Product7,PP4-L2,11,0.0
Product7,PP4-L2,12,0.0
Product7,PP4-L2,13,0.0
Product7,PP4-L2,14,0.0
Product7,PP4-L2,15,0.0
Product7,PP4-L2,16,0.0
Product7,PP4-L2,17,0.0
Product7,PP4-L2,18,0.0
Product7,PP4-L2,19,0.0
Product7,PP4-L2,20,0.0
Product7,PP4-L2,21,0.0
Product7,PP4-L2,22,0.0
Product7,PP4-L2,23,0.0
Product7,PP4-L2,24,0.0
Product7,PP4-L2,25,120.0
Product7,PP4-L2,26,80.0
Product7,PP4-L2,27,0.0
Product7,PP4-L2,28,0.0
Product7,PP4-L2,29,0.0
Product7,PP4-L2,30,0.0
Product7,PP4-L2,31,0.0
Product7,PP4-L2,32,0.0
Product7,PP4-L2,33,0.0
Product7,PP4-L2,34,0.0
Product7,PP4-L2,35,0.0
Product7,PP4-L3,1,0.0
Product7,PP4-L3,2,0.0
Product7,PP4-L3,3,0.0
Product7,PP4-L3,4,0.0
Product7,PP4-L3,5,0.0
Product7,PP4-L3,6,0.0
Product7,PP4-L3,7,0.0
Product7,PP4-L3,8,0.0
Product7,PP4-L3,9,0.0
Product7,PP4-L3,10,0.0
Product7,PP4-L3,11,0.0
Product7,PP4-L3,12,0.0
Product7,PP4-L3,13,0.0
Product7,PP4-L3,14,0.0
Product7,PP4-L3,15,0.0
Product7,PP4-L3,16,0.0
Product7,PP4-L3,17,0.0
Product7,PP4-L3,18,0.0
Product7,PP4-L3,19,0.0
Product7,PP4-L3,20,0.0
Product7,PP4-L3,21,0.0
Product7,PP4-L3,22,0.0
Product7,PP4-L3,23,0.0
Product7,PP4-L3,24,0.0
Product7,PP4-L3,25,0.0
Product7,PP4-L3,26,40.0
Product7,PP4-L3,27,0.0
Product7,PP4-L3,28,0.0
Product7,PP4-L3,29,120.0
Product7,PP4-L3,30,0.0
Product7,PP4-L3,31,0.0
Product7,PP4-L3,32,0.0
Product7,PP4-L3,33,0.0
Product7,PP4-L3,34,200.0
Product7,PP4-L3,35,0.0
Product7,PP4-L4,1,0.0
Product7,PP4-L4,2,0.0
Product7,PP4-L4,3,0.0
Product7,PP4-L4,4,0.0
Product7,PP4-L4,5,0.0
Product7,PP4-L4,6,0.0
Product7,PP4-L4,7,0.0
Product7,PP4-L4,8,0.0
Product7,PP4-L4,9,0.0
Product7,PP4-L4,10,0.0
Product7,PP4-L4,11,0.0
Product7,PP4-L4,12,0.0
Product7,PP4-L4,13,0.0
Product7,PP4-L4,14,0.0
Product7,PP4-L4,15,0.0
Product7,PP4-L4,16,0.0
Product7,PP4-L4,17,0.0
Product7,PP4-L4,18,0.0
Product7,PP4-L4,19,0.0
Product7,PP4-L4,20,0.0
Product7,PP4-L4,21,0.0
Product7,PP4-L4,22,0.0
Product7,PP4-L4,23,0.0
Product7,PP4-L4,24,0.0
Product7,PP4-L4,25,0.0
Product7,PP4-L4,26,0.0
Product7,PP4-L4,27,0.0
Product7,PP4-L4,28,0.0
Product7,PP4-L4,29,40.0
Product7,PP4-L4,30,0.0
Product7,PP4-L4,31,40.0
Product7,PP4-L4,32,0.0
Product7,PP4-L4,33,0.0
Product7,PP4-L4,34,0.0
Product7,PP4-L4,35,0.0
Product8,PP0-L0,1,0.0
Product8,PP0-L0,2,0.0
Product8,PP0-L0,3,0.0
Product8,PP0-L0,4,0.0
Product8,PP0-L0,5,0.0
Product8,PP0-L0,6,0.0
Product8,PP0-L0,7,0.0
Product8,PP0-L0,8,0.0
Product8,PP0-L0,9,0.0
Product8,PP0-L0,10,0.0
Product8,PP0-L0,11,0.0
Product8,PP0-L0,12,0.0
Product8,PP0-L0,13,0.0
Product8,PP0-L0,14,0.0
Product8,PP0-L0,15,0.0
Product8,PP0-L0,16,0.0
Product8,PP0-L0,17,0.0
Product8,PP0-L0,18,0.0
Product8,PP0-L0,19,0.0
Product8,PP0-L0,20,0.0
Product8,PP0-L0,21,0.0
Product8,PP0-L0,22,0.0
Product8,PP0-L0,23,0.0
Product8,PP0-L0,24,0.0
Product8,PP0-L0,25,80.0
Product8,PP0-L0,26,40.0
Product8,PP0-L0,27,0.0
Product8,PP0-L0,28,0.0
Product8,PP0-L0,29,0.0
Product8,PP0-L0,30,0.0
Product8,PP0-L0,31,0.0
Product8,PP0-L0,32,40.0
Product8,PP0-L0,33,0.0
Product8,PP0-L0,34,0.0
Product8,PP0-L0,35,0.0
Product8,PP0-L1,1,0.0
Product8,PP0-L1,2,0.0
Product8,PP0-L1,3,0.0
Product8,PP0-L1,4,0.0
Product8,PP0-L1,5,0.0
Product8,PP0-L1,6,0.0
Product8,PP0-L1,7,0.0
Product8,PP0-L1,8,0.0
Product8,PP0-L1,9,0.0
Product8,PP0-L1,10,0.0
Product8,PP0-L1,11,0.0
Product8,PP0-L1,12,0.0
Product8,PP0-L1,13,0.0
Product8,PP0-L1,14,0.0
Product8,PP0-L1,15,0.0
Product8,PP0-L1,16,0.0
Product8,PP0-L1,17,0.0
Product8,PP0-L1,18,0.0
Product8,PP0-L1,19,0.0
Product8,PP0-L1,20,0.0
Product8,PP0-L1,21,0.0
Product8,PP0-L1,22,0.0
Product8,PP0-L1,23,0.0
Product8,PP0-L1,24,0.0
Product8,PP0-L1,25,40.0
Product8,PP0-L1,26,0.0
Product8,PP0-L1,27,0.0
Product8,PP0-L1,28,0.0
Product8,PP0-L1,29,0.0
Product8,PP0-L1,30,0.0
Product8,PP0-L1,31,0.0
Product8,PP0-L1,32,0.0
Product8,PP0-L1,33,200.0
Product8,PP0-L1,34,0.0
Product8,PP0-L1,35,0.0
Product8,PP0-L2,1,0.0
Product8,PP0-L2,2,0.0
Product8,PP0-L2,3,0.0
Product8,PP0-L2,4,0.0
Product8,PP0-L2,5,0.0
Product8,PP0-L2,6,0.0
Product8,PP0-L2,7,0.0
Product8,PP0-L2,8,0.0
Product8,PP0-L2,9,0.0
Product8,PP0-L2,10,0.0
Product8,PP0-L2,11,0.0
Product8,PP0-L2,12,0.0
Product8,PP0-L2,13,0.0
Product8,PP0-L2,14,0.0
Product8,PP0-L2,15,0.0
Product8,PP0-L2,16,0.0
Product8,PP0-L2,17,0.0
Product8,PP0-L2,18,0.0
Product8,PP0-L2,19,0.0
Product8,PP0-L2,20,0.0
Product8,PP0-L2,21,0.0
Product8,PP0-L2,22,0.0
Product8,PP0-L2,23,0.0
Product8,PP0-L2,24,0.0
Product8,PP0-L2,25,40.0
Product8,PP0-L2,26,0.0
Product8,PP0-L2,27,160.0
Product8,PP0-L2,28,200.0
Product8,PP0-L2,29,0.0
Product8,PP0-L2,30,0.0
Product8,PP0-L2,31,0.0
Product8,PP0-L2,32,160.0
Product8,PP0-L2,33,0.0
Product8,PP0-L2,34,40.0
Product8,PP0-L2,35,0.0
Product8,PP0-L3,1,0.0
Product8,PP0-L3,2,0.0
Product8,PP0-L3,3,0.0
Product8,PP0-L3,4,0.0
Product8,PP0-L3,5,0.0
Product8,PP0-L3,6,0.0
Product8,PP0-L3,7,0.0
Product8,PP0-L3,8,0.0
Product8,PP0-L3,9,0.0
Product8,PP0-L3,10,0.0
Product8,PP0-L3,11,0.0
Product8,PP0-L3,12,0.0
Product8,PP0-L3,13,0.0
Product8,PP0-L3,14,0.0
Product8,PP0-L3,15,0.0
Product8,PP0-L3,16,0.0
Product8,PP0-L3,17,0.0
Product8,PP0-L3,18,0.0
Product8,PP0-L3,19,0.0
Product8,PP0-L3,20,0.0
Product8,PP0-L3,21,0.0
Product8,PP0-L3,22,0.0
Product8,PP0-L3,23,0.0
Product8,PP0-L3,24,200.0
Product8,PP0-L3,25,0.0
Product8,PP0-L3,26,0.0
Product8,PP0-L3,27,0.0
Product8,PP0-L3,28,0.0
Product8,PP0-L3,29,0.0
Product8,PP0-L3,30,0.0
Product8,PP0-L3,31,0.0
Product8,PP0-L3,32,0.0
Product8,PP0-L3,33,0.0
Product8,PP0-L3,34,160.0
Product8,PP0-L3,35,0.0
Product8,PP0-L4,1,0.0
Product8,PP0-L4,2,0.0
Product8,PP0-L4,3,0.0
Product8,PP0-L4,4,0.0
Product8,PP0-L4,5,0.0
Product8,PP0-L4,6,0.0
Product8,PP0-L4,7,0.0
Product8,PP0-L4,8,0.0
Product8,PP0-L4,9,0.0
Product8,PP0-L4,10,0.0
Product8,PP0-L4,11,0.0
Product8,PP0-L4,12,0.0
Product8,PP0-L4,13,0.0
Product8,PP0-L4,14,0.0
Product8,PP0-L4,15,0.0
Product8,PP0-L4,16,0.0
Product8,PP0-L4,17,0.0
Product8,PP0-L4,18,0.0
Product8,PP0-L4,19,0.0
Product8,PP0-L4,20,0.0
Product8,PP0-L4,21,0.0
Product8,PP0-L4,22,0.0
Product8,PP0-L4,23,0.0
Product8,PP0-L4,24,0.0
Product8,PP0-L4,25,40.0
Product8,PP0-L4,26,0.0
Product8,PP0-L4,27,40.0
Product8,PP0-L4,28,0.0
Product8,PP0-L4,29,0.0
Product8,PP0-L4,30,0.0
Product8,PP0-L4,31,0.0
Product8,PP0-L4,32,0.0
Product8,PP0-L4,33,0.0
Product8,PP0-L4,34,0.0
Product8,PP0-L4,35,40.0
Product8,PP1-L0,1,0.0
Product8,PP1-L0,2,0.0
Product8,PP1-L0,3,0.0
Product8,PP1-L0,4,0.0
Product8,PP1-L0,5,0.0
Product8,PP1-L0,6,0.0
Product8,PP1-L0,7,0.0
Product8,PP1-L0,8,0.0
Product8,PP1-L0,9,0.0
Product8,PP1-L0,10,0.0
Product8,PP1-L0,11,0.0
Product8,PP1-L0,12,0.0
Product8,PP1-L0,13,0.0
Product8,PP1-L0,14,0.0
Product8,PP1-L0,15,0.0
Product8,PP1-L0,16,0.0
Product8,PP1-L0,17,0.0
Product8,PP1-L0,18,0.0
Product8,PP1-L0,19,0.0
Product8,PP1-L0,20,0.0
Product8,PP1-L0,21,0.0
Product8,PP1-L0,22,0.0
Product8,PP1-L0,23,0.0
Product8,PP1-L0,24,0.0
Product8,PP1-L0,25,0.0
Product8,PP1-L0,26,200.0
Product8,PP1-L0,27,0.0
Product8,PP1-L0,28,0.0
Product8,PP1-L0,29,0.0
Product8,PP1-L0,30,0.0
Product8,PP1-L0,31,0.0
Product8,PP1-L0,32,0.0
Product8,PP1-L0,33,0.0
Product8,PP1-L0,34,0.0
Product8,PP1-L0,35,0.0
Product8,PP1-L1,1,0.0
Product8,PP1-L1,2,0.0
Product8,PP1-L1,3,0.0
Product8,PP1-L1,4,0.0
Product8,PP1-L1,5,0.0
Product8,PP1-L1,6,0.0
Product8,PP1-L1,7,0.0
Product8,PP1-L1,8,0.0
Product8,PP1-L1,9,0.0
Product8,PP1-L1,10,0.0
Product8,PP1-L1,11,0.0
Product8,PP1-L1,12,0.0
Product8,PP1-L1,13,0.0
Product8,PP1-L1,14,0.0
Product8,PP1-L1,15,0.0
Product8,PP1-L1,16,0.0
Product8,PP1-L1,17,0.0
Product8,PP1-L1,18,0.0
Product8,PP1-L1,19,0.0
Product8,PP1-L1,20,0.0
Product8,PP1-L1,21,0.0
Product8,PP1-L1,22,0.0
Product8,PP1-L1,23,0.0
Product8,PP1-L1,24,0.0
Product8,PP1-L1,25,200.0
Product8,PP1-L1,26,0.0
Product8,PP1-L1,27,0.0
Product8,PP1-L1,28,0.0
Product8,PP1-L1,29,0.0
Product8,PP1-L1,30,200.0
Product8,PP1-L1,31,0.0
Product8,PP1-L1,32,0.0
Product8,PP1-L1,33,0.0
Product8,PP1-L1,34,0.0
Product8,PP1-L1,35,0.0
Product8,PP1-L2,1,0.0
Product8,PP1-L2,2,0.0
Product8,PP1-L2,3,0.0
Product8,PP1-L2,4,0.0
Product8,PP1-L2,5,0.0
Product8,PP1-L2,6,0.0
Product8,PP1-L2,7,0.0
Product8,PP1-L2,8,0.0
Product8,PP1-L2,9,0.0
Product8,PP1-L2,10,0.0
Product8,PP1-L2,11,0.0
Product8,PP1-L2,12,0.0
Product8,PP1-L2,13,0.0
Product8,PP1-L2,14,0.0
Product8,PP1-L2,15,0.0
Product8,PP1-L2,16,0.0
Product8,PP1-L2,17,0.0
Product8,PP1-L2,18,0.0
Product8,PP1-L2,19,0.0
Product8,PP1-L2,20,0.0
Product8,PP1-L2,21,0.0
Product8,PP1-L2,22,0.0
Product8,PP1-L2,23,0.0
Product8,PP1-L2,24,0.0
Product8,PP1-L2,25,0.0
Product8,PP1-L2,26,0.0
Product8,PP1-L2,27,0.0
Product8,PP1-L2,28,0.0
Product8,PP1-L2,29,0.0
Product8,PP1-L2,30,0.0
Product8,PP1-L2,31,0.0
Product8,PP1-L2,32,120.0
Product8,PP1-L2,33,0.0
Product8,PP1-L2,34,0.0
Product8,PP1-L2,35,0.0
Product8,PP1-L3,1,0.0
Product8,PP1-L3,2,0.0
Product8,PP1-L3,3,0.0
Product8,PP1-L3,4,0.0
Product8,PP1-L3,5,0.0
Product8,PP1-L3,6,0.0
Product8,PP1-L3,7,0.0
Product8,PP1-L3,8,0.0
Product8,PP1-L3,9,0.0
Product8,PP1-L3,10,0.0
Product8,PP1-L3,11,0.0
Product8,PP1-L3,12,0.0
Product8,PP1-L3,13,0.0
Product8,PP1-L3,14,0.0
Product8,PP1-L3,15,0.0
Product8,PP1-L3,16,0.0
Product8,PP1-L3,17,0.0
Product8,PP1-L3,18,0.0
Product8,PP1-L3,19,0.0
Product8,PP1-L3,20,0.0
Product8,PP1-L3,21,0.0
Product8,PP1-L3,22,0.0
Product8,PP1-L3,23,0.0
Product8,PP1-L3,24,40.0
Product8,PP1-L3,25,0.0
Product8,PP1-L3,26,0.0
Product8,PP1-L3,27,0.0
Product8,PP1-L3,28,0.0
Product8,PP1-L3,29,0.0
Product8,PP1-L3,30,0.0
Product8,PP1-L3,31,0.0
Product8,PP1-L3,32,80.0
Product8,PP1-L3,33,0.0
Product8,PP1-L3,34,0.0
Product8,PP1-L3,35,200.0
Product8,PP1-L4,1,0.0
Product8,PP1-L4,2,0.0
Product8,PP1-L4,3,0.0
Product8,PP1-L4,4,0.0
Product8,PP1-L4,5,0.0
Product8,PP1-L4,6,0.0
Product8,PP1-L4,7,0.0
Product8,PP1-L4,8,0.0
Product8,PP1-L4,9,0.0
Product8,PP1-L4,10,0.0
Product8,PP1-L4,11,0.0
Product8,PP1-L4,12,0.0
Product8,PP1-L4,13,0.0
Product8,PP1-L4,14,0.0
Product8,PP1-L4,15,0.0
Product8,PP1-L4,16,0.0
Product8,PP1-L4,17,0.0
Product8,PP1-L4,18,0.0
Product8,PP1-L4,19,0.0
Product8,PP1-L4,20,0.0
Product8,PP1-L4,21,0.0
Product8,PP1-L4,22,0.0
Product8,PP1-L4,23,0.0
Product8,PP1-L4,24,0.0
Product8,PP1-L4,25,0.0
Product8,PP1-L4,26,0.0
Product8,PP1-L4,27,0.0
Product8,PP1-L4,28,0.0
Product8,PP1-L4,29,200.0
Product8,PP1-L4,30,0.0
Product8,PP1-L4,31,0.0
Product8,PP1-L4,32,0.0
Product8,PP1-L4,33,0.0
Product8,PP1-L4,34,0.0
Product8,PP1-L4,35,0.0
Product8,PP2-L0,1,0.0
Product8,PP2-L0,2,0.0
Product8,PP2-L0,3,0.0
Product8,PP2-L0,4,0.0
Product8,PP2-L0,5,0.0
Product8,PP2-L0,6,0.0
Product8,PP2-L0,7,0.0
Product8,PP2-L0,8,0.0
Product8,PP2-L0,9,0.0
Product8,PP2-L0,10,0.0
Product8,PP2-L0,11,0.0
Product8,PP2-L0,12,0.0
Product8,PP2-L0,13,0.0
Product8,PP2-L0,14,0.0
Product8,PP2-L0,15,0.0
Product8,PP2-L0,16,0.0
Product8,PP2-L0,17,0.0
Product8,PP2-L0,18,0.0
Product8,PP2-L0,19,0.0
Product8,PP2-L0,20,0.0
Product8,PP2-L0,21,0.0
Product8,PP2-L0,22,0.0
Product8,PP2-L0,23,0.0
Product8,PP2-L0,24,0.0
Product8,PP2-L0,25,200.0
Product8,PP2-L0,26,0.0
Product8,PP2-L0,27,0.0
Product8,PP2-L0,28,0.0
Product8,PP2-L0,29,40.0
Product8,PP2-L0,30,0.0
Product8,PP2-L0,31,0.0
Product8,PP2-L0,32,0.0
Product8,PP2-L0,33,0.0
Product8,PP2-L0,34,0.0
Product8,PP2-L0,35,40.0
Product8,PP2-L1,1,0.0
Product8,PP2-L1,2,0.0
Product8,PP2-L1,3,0.0
Product8,PP2-L1,4,0.0
Product8,PP2-L1,5,0.0
Product8,PP2-L1,6,0.0
Product8,PP2-L1,7,0.0
Product8,PP2-L1,8,0.0
Product8,PP2-L1,9,0.0
Product8,PP2-L1,10,0.0
Product8,PP2-L1,11,0.0
Product8,PP2-L1,12,0.0
Product8,PP2-L1,13,0.0
Product8,PP2-L1,14,0.0
Product8,PP2-L1,15,0.0
Product8,PP2-L1,16,0.0
Product8,PP2-L1,17,0.0
Product8,PP2-L1,18,0.0
Product8,PP2-L1,19,0.0
Product8,PP2-L1,20,0.0
Product8,PP2-L1,21,0.0
Product8,PP2-L1,22,0.0
Product8,PP2-L1,23,0.0
Product8,PP2-L1,24,0.0
Product8,PP2-L1,25,0.0
Product8,PP2-L1,26,0.0
Product8,PP2-L1,27,0.0
Product8,PP2-L1,28,0.0
Product8,PP2-L1,29,0.0
Product8,PP2-L1,30,0.0
Product8,PP2-L1,31,0.0
Product8,PP2-L1,32,40.0
Product8,PP2-L1,33,0.0
Product8,PP2-L1,34,0.0
Product8,PP2-L1,35,0.0
Product8,PP2-L2,1,0.0
Product8,PP2-L2,2,0.0
Product8,PP2-L2,3,0.0
Product8,PP2-L2,4,0.0
Product8,PP2-L2,5,0.0
Product8,PP2-L2,6,0.0
Product8,PP2-L2,7,0.0
Product8,PP2-L2,8,0.0
Product8,PP2-L2,9,0.0
Product8,PP2-L2,10,0.0
Product8,PP2-L2,11,0.0
Product8,PP2-L2,12,0.0
Product8,PP2-L2,13,0.0
Product8,PP2-L2,14,0.0
Product8,PP2-L2,15,0.0
Product8,PP2-L2,16,0.0
Product8,PP2-L2,17,0.0
Product8,PP2-L2,18,0.0
Product8,PP2-L2,19,0.0
Product8,PP2-L2,20,0.0
Product8,PP2-L2,21,0.0
Product8,PP2-L2,22,0.0
Product8,PP2-L2,23,0.0
Product8,PP2-L2,24,0.0
Product8,PP2-L2,25,0.0
Product8,PP2-L2,26,0.0
Product8,PP2-L2,27,40.0
Product8,PP2-L2,28,0.0
Product8,PP2-L2,29,80.0
Product8,PP2-L2,30,0.0
Product8,PP2-L2,31,0.0
Product8,PP2-L2,32,0.0
Product8,PP2-L2,33,0.0
Product8,PP2-L2,34,0.0
Product8,PP2-L2,35,0.0
Product8,PP2-L3,1,0.0
Product8,PP2-L3,2,0.0
Product8,PP2-L3,3,0.0
Product8,PP2-L3,4,0.0
Product8,PP2-L3,5,0.0
Product8,PP2-L3,6,0.0
Product8,PP2-L3,7,0.0
Product8,PP2-L3,8,0.0
Product8,PP2-L3,9,0.0
Product8,PP2-L3,10,0.0
Product8,PP2-L3,11,0.0
Product8,PP2-L3,12,0.0
Product8,PP2-L3,13,0.0
Product8,PP2-L3,14,0.0
Product8,PP2-L3,15,0.0
Product8,PP2-L3,16,0.0
Product8,PP2-L3,17,0.0
Product8,PP2-L3,18,0.0
Product8,PP2-L3,19,0.0
Product8,PP2-L3,20,0.0
Product8,PP2-L3,21,0.0
Product8,PP2-L3,22,0.0
Product8,PP2-L3,23,0.0
Product8,PP2-L3,24,0.0
Product8,PP2-L3,25,0.0
Product8,PP2-L3,26,0.0
Product8,PP2-L3,27,40.0
Product8,PP2-L3,28,0.0
Product8,PP2-L3,29,0.0
Product8,PP2-L3,30,200.0
Product8,PP2-L3,31,0.0
Product8,PP2-L3,32,0.0
Product8,PP2-L3,33,0.0
Product8,PP2-L3,34,200.0
Product8,PP2-L3,35,0.0
Product8,PP2-L4,1,0.0
Product8,PP2-L4,2,0.0
Product8,PP2-L4,3,0.0
Product8,PP2-L4,4,0.0
Product8,PP2-L4,5,0.0
Product8,PP2-L4,6,0.0
Product8,PP2-L4,7,0.0
Product8,PP2-L4,8,0.0
Product8,PP2-L4,9,0.0
Product8,PP2-L4,10,0.0
Product8,PP2-L4,11,0.0
Product8,PP2-L4,12,0.0
Product8,PP2-L4,13,0.0
Product8,PP2-L4,14,0.0
Product8,PP2-L4,15,0.0
Product8,PP2-L4,16,0.0
Product8,PP2-L4,17,0.0
Product8,PP2-L4,18,0.0
Product8,PP2-L4,19,0.0
Product8,PP2-L4,20,0.0
Product8,PP2-L4,21,0.0
Product8,PP2-L4,22,0.0
Product8,PP2-L4,23,0.0
Product8,PP2-L4,24,200.0
Product8,PP2-L4,25,0.0
Product8,PP2-L4,26,0.0
Product8,PP2-L4,27,0.0
Product8,PP2-L4,28,0.0
Product8,PP2-L4,29,0.0
Product8,PP2-L4,30,0.0
Product8,PP2-L4,31,0.0
Product8,PP2-L4,32,80.0
Product8,PP2-L4,33,0.0
Product8,PP2-L4,34,0.0
Product8,PP2-L4,35,0.0
Product8,PP3-L0,1,0.0
Product8,PP3-L0,2,0.0
Product8,PP3-L0,3,0.0
Product8,PP3-L0,4,0.0
Product8,PP3-L0,5,0.0
Product8,PP3-L0,6,0.0
Product8,PP3-L0,7,0.0
Product8,PP3-L0,8,0.0
Product8,PP3-L0,9,0.0
Product8,PP3-L0,10,0.0
Product8,PP3-L0,11,0.0
Product8,PP3-L0,12,0.0
Product8,PP3-L0,13,0.0
Product8,PP3-L0,14,0.0
Product8,PP3-L0,15,0.0
Product8,PP3-L0,16,0.0
Product8,PP3-L0,17,0.0
Product8,PP3-L0,18,0.0
Product8,PP3-L0,19,0.0
Product8,PP3-L0,20,0.0
Product8,PP3-L0,21,0.0
Product8,PP3-L0,22,0.0
Product8,PP3-L0,23,0.0
Product8,PP3-L0,24,0.0
Product8,PP3-L0,25,0.0
Product8,PP3-L0,26,40.0
Product8,PP3-L0,27,0.0
Product8,PP3-L0,28,0.0
Product8,PP3-L0,29,0.0
Product8,PP3-L0,30,0.0
Product8,PP3-L0,31,0.0
Product8,PP3-L0,32,0.0
Product8,PP3-L0,33,0.0
Product8,PP3-L0,34,0.0
Product8,PP3-L0,35,0.0
Product8,PP3-L1,1,0.0
Product8,PP3-L1,2,0.0
Product8,PP3-L1,3,0.0
Product8,PP3-L1,4,0.0
Product8,PP3-L1,5,0.0
Product8,PP3-L1,6,0.0
Product8,PP3-L1,7,0.0
Product8,PP3-L1,8,0.0
Product8,PP3-L1,9,0.0
Product8,PP3-L1,10,0.0
Product8,PP3-L1,11,0.0
Product8,PP3-L1,12,0.0
Product8,PP3-L1,13,0.0
Product8,PP3-L1,14,0.0
Product8,PP3-L1,15,0.0
Product8,PP3-L1,16,0.0
Product8,PP3-L1,17,0.0
Product8,PP3-L1,18,0.0
Product8,PP3-L1,19,0.0
Product8,PP3-L1,20,0.0
Product8,PP3-L1,21,0.0
Product8,PP3-L1,22,0.0
Product8,PP3-L1,23,0.0
Product8,PP3-L1,24,0.0
Product8,PP3-L1,25,40.0
Product8,PP3-L1,26,0.0
Product8,PP3-L1,27,0.0
Product8,PP3-L1,28,0.0
Product8,PP3-L1,29,0.0
Product8,PP3-L1,30,0.0
Product8,PP3-L1,31,0.0
Product8,PP3-L1,32,40.0
Product8,PP3-L1,33,0.0
Product8,PP3-L1,34,40.0
Product8,PP3-L1,35,0.0
Product8,PP3-L2,1,0.0
Product8,PP3-L2,2,0.0
Product8,PP3-L2,3,0.0
Product8,PP3-L2,4,0.0
Product8,PP3-L2,5,0.0
Product8,PP3-L2,6,0.0
Product8,PP3-L2,7,0.0
Product8,PP3-L2,8,0.0
Product8,PP3-L2,9,0.0
Product8,PP3-L2,10,0.0
Product8,PP3-L2,11,0.0
Product8,PP3-L2,12,0.0
Product8,PP3-L2,13,0.0
Product8,PP3-L2,14,0.0
Product8,PP3-L2,15,0.0
Product8,PP3-L2,16,0.0
Product8,PP3-L2,17,0.0
Product8,PP3-L2,18,0.0
Product8,PP3-L2,19,0.0
Product8,PP3-L2,20,0.0
Product8,PP3-L2,21,0.0
Product8,PP3-L2,22,0.0
Product8,PP3-L2,23,0.0
Product8,PP3-L2,24,0.0
Product8,PP3-L2,25,0.0
Product8,PP3-L2,26,160.0
Product8,PP3-L2,27,0.0
Product8,PP3-L2,28,0.0
Product8,PP3-L2,29,0.0
Product8,PP3-L2,30,0.0
Product8,PP3-L2,31,0.0
Product8,PP3-L2,32,0.0
Product8,PP3-L2,33,40.0
Product8,PP3-L2,34,0.0
Product8,PP3-L2,35,0.0
Product8,PP3-L3,1,0.0
Product8,PP3-L3,2,0.0
Product8,PP3-L3,3,0.0
Product8,PP3-L3,4,0.0
Product8,PP3-L3,5,0.0
Product8,PP3-L3,6,0.0
Product8,PP3-L3,7,0.0
Product8,PP3-L3,8,0.0
Product8,PP3-L3,9,0.0
Product8,PP3-L3,10,0.0
Product8,PP3-L3,11,0.0
Product8,PP3-L3,12,0.0
Product8,PP3-L3,13,0.0
Product8,PP3-L3,14,0.0
Product8,PP3-L3,15,0.0
Product8,PP3-L3,16,0.0
Product8,PP3-L3,17,0.0
Product8,PP3-L3,18,0.0
Product8,PP3-L3,19,0.0
Product8,PP3-L3,20,0.0
Product8,PP3-L3,21,0.0
Product8,PP3-L3,22,0.0
Product8,PP3-L3,23,0.0
Product8,PP3-L3,24,0.0
Product8,PP3-L3,25,0.0
Product8,PP3-L3,26,0.0
Product8,PP3-L3,27,160.0
Product8,PP3-L3,28,0.0
Product8,PP3-L3,29,0.0
Product8,PP3-L3,30,0.0
Product8,PP3-L3,31,0.0
Product8,PP3-L3,32,0.0
Product8,PP3-L3,33,0.0
Product8,PP3-L3,34,160.0
Product8,PP3-L3,35,40.0
Product8,PP3-L4,1,0.0
Product8,PP3-L4,2,0.0
Product8,PP3-L4,3,0.0
Product8,PP3-L4,4,0.0
Product8,PP3-L4,5,0.0
Product8,PP3-L4,6,0.0
Product8,PP3-L4,7,0.0
Product8,PP3-L4,8,0.0
Product8,PP3-L4,9,0.0
Product8,PP3-L4,10,0.0
Product8,PP3-L4,11,0.0
Product8,PP3-L4,12,0.0
Product8,PP3-L4,13,0.0
Product8,PP3-L4,14,0.0
Product8,PP3-L4,15,0.0
Product8,PP3-L4,16,0.0
Product8,PP3-L4,17,0.0
Product8,PP3-L4,18,0.0
Product8,PP3-L4,19,0.0
Product8,PP3-L4,20,0.0
Product8,PP3-L4,21,0.0
Product8,PP3-L4,22,0.0
Product8,PP3-L4,23,0.0
Product8,PP3-L4,24,40.0
Product8,PP3-L4,25,40.0
Product8,PP3-L4,26,0.0
Product8,PP3-L4,27,40.0
Product8,PP3-L4,28,200.0
Product8,PP3-L4,29,0.0
Product8,PP3-L4,30,200.0
Product8,PP3-L4,31,0.0
Product8,PP3-L4,32,0.0
Product8,PP3-L4,33,0.0
Product8,PP3-L4,34,0.0
Product8,PP3-L4,35,40.0
Product8,PP4-L0,1,0.0
Product8,PP4-L0,2,0.0
Product8,PP4-L0,3,0.0
Product8,PP4-L0,4,0.0
Product8,PP4-L0,5,0.0
Product8,PP4-L0,6,0.0
Product8,PP4-L0,7,0.0
Product8,PP4-L0,8,0.0
Product8,PP4-L0,9,0.0
Product8,PP4-L0,10,0.0
Product8,PP4-L0,11,0.0
Product8,PP4-L0,12,0.0
Product8,PP4-L0,13,0.0
Product8,PP4-L0,14,0.0
Product8,PP4-L0,15,0.0
Product8,PP4-L0,16,0.0
Product8,PP4-L0,17,0.0
Product8,PP4-L0,18,0.0
Product8,PP4-L0,19,0.0
Product8,PP4-L0,20,0.0
Product8,PP4-L0,21,0.0
Product8,PP4-L0,22,0.0
Product8,PP4-L0,23,0.0
Product8,PP4-L0,24,0.0
Product8,PP4-L0,25,0.0
Product8,PP4-L0,26,0.0
Product8,PP4-L0,27,0.0
Product8,PP4-L0,28,0.0
Product8,PP4-L0,29,0.0
Product8,PP4-L0,30,40.0
Product8,PP4-L0,31,0.0
Product8,PP4-L0,32,200.0
Product8,PP4-L0,33,0.0
Product8,PP4-L0,34,0.0
Product8,PP4-L0,35,160.0
Product8,PP4-L1,1,0.0
Product8,PP4-L1,2,0.0
Product8,PP4-L1,3,0.0
Product8,PP4-L1,4,0.0
Product8,PP4-L1,5,0.0
Product8,PP4-L1,6,0.0
Product8,PP4-L1,7,0.0
Product8,PP4-L1,8,0.0
Product8,PP4-L1,9,0.0
Product8,PP4-L1,10,0.0
Product8,PP4-L1,11,0.0
Product8,PP4-L1,12,0.0
Product8,PP4-L1,13,0.0
Product8,PP4-L1,14,0.0
Product8,PP4-L1,15,0.0
Product8,PP4-L1,16,0.0
Product8,PP4-L1,17,0.0
Product8,PP4-L1,18,0.0
Product8,PP4-L1,19,0.0
Product8,PP4-L1,20,0.0
Product8,PP4-L1,21,0.0
Product8,PP4-L1,22,0.0
Product8,PP4-L1,23,0.0
Product8,PP4-L1,24,0.0
Product8,PP4-L1,25,0.0
Product8,PP4-L1,26,0.0
Product8,PP4-L1,27,0.0
Product8,PP4-L1,28,200.0
Product8,PP4-L1,29,0.0
Product8,PP4-L1,30,0.0
Product8,PP4-L1,31,0.0
Product8,PP4-L1,32,0.0
Product8,PP4-L1,33,0.0
Product8,PP4-L1,34,0.0
Product8,PP4-L1,35,0.0
Product8,PP4-L2,1,0.0
Product8,PP4-L2,2,0.0
Product8,PP4-L2,3,0.0
Product8,PP4-L2,4,0.0
Product8,PP4-L2,5,0.0
Product8,PP4-L2,6,0.0
Product8,PP4-L2,7,0.0
Product8,PP4-L2,8,0.0
Product8,PP4-L2,9,0.0
Product8,PP4-L2,10,0.0
Product8,PP4-L2,11,0.0
Product8,PP4-L2,12,0.0
Product8,PP4-L2,13,0.0
Product8,PP4-L2,14,0.0
Product8,PP4-L2,15,0.0
Product8,PP4-L2,16,0.0
Product8,PP4-L2,17,0.0
Product8,PP4-L2,18,0.0
Product8,PP4-L2,19,0.0
Product8,PP4-L2,20,0.0
Product8,PP4-L2,21,0.0
Product8,PP4-L2,22,0.0
Product8,PP4-L2,23,0.0
Product8,PP4-L2,24,0.0
Product8,PP4-L2,25,0.0
Product8,PP4-L2,26,0.0
Product8,PP4-L2,27,200.0
Product8,PP4-L2,28,0.0
Product8,PP4-L2,29,0.0
Product8,PP4-L2,30,0.0
Product8,PP4-L2,31,0.0
Product8,PP4-L2,32,0.0
Product8,PP4-L2,33,160.0
Product8,PP4-L2,34,0.0
Product8,PP4-L2,35,0.0
Product8,PP4-L3,1,0.0
Product8,PP4-L3,2,0.0
Product8,PP4-L3,3,0.0
Product8,PP4-L3,4,0.0
Product8,PP4-L3,5,0.0
Product8,PP4-L3,6,0.0
Product8,PP4-L3,7,0.0
Product8,PP4-L3,8,0.0
Product8,PP4-L3,9,0.0
Product8,PP4-L3,10,0.0
Product8,PP4-L3,11,0.0
Product8,PP4-L3,12,0.0
Product8,PP4-L3,13,0.0
Product8,PP4-L3,14,0.0
Product8,PP4-L3,15,0.0
Product8,PP4-L3,16,0.0
Product8,PP4-L3,17,0.0
Product8,PP4-L3,18,0.0
Product8,PP4-L3,19,0.0
Product8,PP4-L3,20,0.0
Product8,PP4-L3,21,0.0
Product8,PP4-L3,22,0.0
Product8,PP4-L3,23,0.0
Product8,PP4-L3,24,0.0
Product8,PP4-L3,25,0.0
Product8,PP4-L3,26,0.0
Product8,PP4-L3,27,0.0
Product8,PP4-L3,28,0.0
Product8,PP4-L3,29,0.0
Product8,PP4-L3,30,0.0
Product8,PP4-L3,31,0.0
Product8,PP4-L3,32,0.0
Product8,PP4-L3,33,40.0
Product8,PP4-L3,34,0.0
Product8,PP4-L3,35,0.0
Product8,PP4-L4,1,0.0
Product8,PP4-L4,2,0.0
Product8,PP4-L4,3,0.0
Product8,PP4-L4,4,0.0
Product8,PP4-L4,5,0.0
Product8,PP4-L4,6,0.0
Product8,PP4-L4,7,0.0
Product8,PP4-L4,8,0.0
Product8,PP4-L4,9,0.0
Product8,PP4-L4,10,0.0
Product8,PP4-L4,11,0.0
Product8,PP4-L4,12,0.0
Product8,PP4-L4,13,0.0
Product8,PP4-L4,14,0.0
Product8,PP4-L4,15,0.0
Product8,PP4-L4,16,0.0
Product8,PP4-L4,17,0.0
Product8,PP4-L4,18,0.0
Product8,PP4-L4,19,0.0
Product8,PP4-L4,20,0.0
Product8,PP4-L4,21,0.0
Product8,PP4-L4,22,0.0
Product8,PP4-L4,23,0.0
Product8,PP4-L4,24,0.0
Product8,PP4-L4,25,0.0
Product8,PP4-L4,26,0.0
Product8,PP4-L4,27,0.0
Product8,PP4-L4,28,0.0
Product8,PP4-L4,29,0.0
Product8,PP4-L4,30,0.0
Product8,PP4-L4,31,0.0
Product8,PP4-L4,32,0.0
Product8,PP4-L4,33,0.0
Product8,PP4-L4,34,0.0
Product8,PP4-L4,35,40.0
Product9,PP0-L0,1,0.0
Product9,PP0-L0,2,0.0
Product9,PP0-L0,3,0.0
Product9,PP0-L0,4,0.0
Product9,PP0-L0,5,0.0
Product9,PP0-L0,6,0.0
Product9,PP0-L0,7,0.0
Product9,PP0-L0,8,0.0
Product9,PP0-L0,9,0.0
Product9,PP0-L0,10,0.0
Product9,PP0-L0,11,0.0
Product9,PP0-L0,12,0.0
Product9,PP0-L0,13,0.0
Product9,PP0-L0,14,0.0
Product9,PP0-L0,15,0.0
Product9,PP0-L0,16,0.0
Product9,PP0-L0,17,0.0
Product9,PP0-L0,18,0.0
Product9,PP0-L0,19,0.0
Product9,PP0-L0,20,0.0
Product9,PP0-L0,21,0.0
Product9,PP0-L0,22,0.0
Product9,PP0-L0,23,0.0
Product9,PP0-L0,24,0.0
Product9,PP0-L0,25,160.0
Product9,PP0-L0,26,0.0
Product9,PP0-L0,27,0.0
Product9,PP0-L0,28,0.0
Product9,PP0-L0,29,0.0
Product9,PP0-L0,30,200.0
Product9,PP0-L0,31,0.0
Product9,PP0-L0,32,0.0
Product9,PP0-L0,33,0.0
Product9,PP0-L0,34,0.0
Product9,PP0-L0,35,80.0
Product9,PP0-L1,1,0.0
Product9,PP0-L1,2,0.0
Product9,PP0-L1,3,0.0
Product9,PP0-L1,4,0.0
Product9,PP0-L1,5,0.0
Product9,PP0-L1,6,0.0
Product9,PP0-L1,7,0.0
Product9,PP0-L1,8,0.0
Product9,PP0-L1,9,0.0
Product9,PP0-L1,10,0.0
Product9,PP0-L1,11,0.0
Product9,PP0-L1,12,0.0
Product9,PP0-L1,13,0.0
Product9,PP0-L1,14,0.0
Product9,PP0-L1,15,0.0
Product9,PP0-L1,16,0.0
Product9,PP0-L1,17,0.0
Product9,PP0-L1,18,0.0
Product9,PP0-L1,19,0.0
Product9,PP0-L1,20,0.0
Product9,PP0-L1,21,0.0
Product9,PP0-L1,22,0.0
Product9,PP0-L1,23,0.0
Product9,PP0-L1,24,0.0
Product9,PP0-L1,25,0.0
Product9,PP0-L1,26,0.0
Product9,PP0-L1,27,0.0
Product9,PP0-L1,28,0.0
Product9,PP0-L1,29,0.0
Product9,PP0-L1,30,0.0
Product9,PP0-L1,31,0.0
Product9,PP0-L1,32,0.0
Product9,PP0-L1,33,0.0
Product9,PP0-L1,34,160.0
Product9,PP0-L1,35,40.0
Product9,PP0-L2,1,0.0
Product9,PP0-L2,2,0.0
Product9,PP0-L2,3,0.0
Product9,PP0-L2,4,0.0
Product9,PP0-L2,5,0.0
Product9,PP0-L2,6,0.0
Product9,PP0-L2,7,0.0
Product9,PP0-L2,8,0.0
Product9,PP0-L2,9,0.0
Product9,PP0-L2,10,0.0
Product9,PP0-L2,11,0.0
Product9,PP0-L2,12,0.0
Product9,PP0-L2,13,0.0
Product9,PP0-L2,14,0.0
Product9,PP0-L2,15,0.0
Product9,PP0-L2,16,0.0
Product9,PP0-L2,17,0.0
Product9,PP0-L2,18,0.0
Product9,PP0-L2,19,0.0
Product9,PP0-L2,20,0.0
Product9,PP0-L2,21,0.0
Product9,PP0-L2,22,0.0
Product9,PP0-L2,23,0.0
Product9,PP0-L2,24,0.0
Product9,PP0-L2,25,0.0
Product9,PP0-L2,26,0.0
Product9,PP0-L2,27,0.0
Product9,PP0-L2,28,0.0
Product9,PP0-L2,29,0.0
Product9,PP0-L2,30,0.0
Product9,PP0-L2,31,0.0
Product9,PP0-L2,32,0.0
Product9,PP0-L2,33,0.0
Product9,PP0-L2,34,0.0
Product9,PP0-L2,35,80.0
Product9,PP0-L3,1,0.0
Product9,PP0-L3,2,0.0
Product9,PP0-L3,3,0.0
Product9,PP0-L3,4,0.0
Product9,PP0-L3,5,0.0
Product9,PP0-L3,6,0.0
Product9,PP0-L3,7,0.0
Product9,PP0-L3,8,0.0
Product9,PP0-L3,9,0.0
Product9,PP0-L3,10,0.0
Product9,PP0-L3,11,0.0
Product9,PP0-L3,12,0.0
Product9,PP0-L3,13,0.0
Product9,PP0-L3,14,0.0
Product9,PP0-L3,15,0.0
Product9,PP0-L3,16,0.0
Product9,PP0-L3,17,0.0
Product9,PP0-L3,18,0.0
Product9,PP0-L3,19,0.0
Product9,PP0-L3,20,0.0
Product9,PP0-L3,21,0.0
Product9,PP0-L3,22,0.0
Product9,PP0-L3,23,0.0
Product9,PP0-L3,24,0.0
Product9,PP0-L3,25,40.0
Product9,PP0-L3,26,40.0
Product9,PP0-L3,27,0.0
Product9,PP0-L3,28,0.0
Product9,PP0-L3,29,0.0
Product9,PP0-L3,30,0.0
Product9,PP0-L3,31,40.0
Product9,PP0-L3,32,0.0
Product9,PP0-L3,33,0.0
Product9,PP0-L3,34,0.0
Product9,PP0-L3,35,0.0
Product9,PP0-L4,1,0.0
Product9,PP0-L4,2,0.0
Product9,PP0-L4,3,0.0
Product9,PP0-L4,4,0.0
Product9,PP0-L4,5,0.0
Product9,PP0-L4,6,0.0
Product9,PP0-L4,7,0.0
Product9,PP0-L4,8,0.0
Product9,PP0-L4,9,0.0
Product9,PP0-L4,10,0.0
Product9,PP0-L4,11,0.0
Product9,PP0-L4,12,0.0
Product9,PP0-L4,13,0.0
Product9,PP0-L4,14,0.0
Product9,PP0-L4,15,0.0
Product9,PP0-L4,16,0.0
Product9,PP0-L4,17,0.0
Product9,PP0-L4,18,0.0
Product9,PP0-L4,19,0.0
Product9,PP0-L4,20,0.0
Product9,PP0-L4,21,0.0
Product9,PP0-L4,22,0.0
Product9,PP0-L4,23,0.0
Product9,PP0-L4,24,0.0
Product9,PP0-L4,25,0.0
Product9,PP0-L4,26,0.0
Product9,PP0-L4,27,0.0
Product9,PP0-L4,28,0.0
Product9,PP0-L4,29,200.0
Product9,PP0-L4,30,0.0
Product9,PP0-L4,31,0.0
Product9,PP0-L4,32,0.0
Product9,PP0-L4,33,0.0
Product9,PP0-L4,34,40.0
Product9,PP0-L4,35,0.0
Product9,PP1-L0,1,0.0
Product9,PP1-L0,2,0.0
Product9,PP1-L0,3,0.0
Product9,PP1-L0,4,0.0
Product9,PP1-L0,5,0.0
Product9,PP1-L0,6,0.0
Product9,PP1-L0,7,0.0
Product9,PP1-L0,8,0.0
Product9,PP1-L0,9,0.0
Product9,PP1-L0,10,0.0
Product9,PP1-L0,11,0.0
Product9,PP1-L0,12,0.0
Product9,PP1-L0,13,0.0
Product9,PP1-L0,14,0.0
Product9,PP1-L0,15,0.0
Product9,PP1-L0,16,0.0
Product9,PP1-L0,17,0.0
Product9,PP1-L0,18,0.0
Product9,PP1-L0,19,0.0
Product9,PP1-L0,20,0.0
Product9,PP1-L0,21,0.0
Product9,PP1-L0,22,0.0
Product9,PP1-L0,23,0.0
Product9,PP1-L0,24,0.0
Product9,PP1-L0,25,0.0
Product9,PP1-L0,26,0.0
Product9,PP1-L0,27,0.0
Product9,PP1-L0,28,0.0
Product9,PP1-L0,29,0.0
Product9,PP1-L0,30,0.0
Product9,PP1-L0,31,0.0
Product9,PP1-L0,32,200.0
Product9,PP1-L0,33,0.0
Product9,PP1-L0,34,0.0
Product9,PP1-L0,35,0.0
Product9,PP1-L1,1,0.0
Product9,PP1-L1,2,0.0
Product9,PP1-L1,3,0.0
Product9,PP1-L1,4,0.0
Product9,PP1-L1,5,0.0
Product9,PP1-L1,6,0.0
Product9,PP1-L1,7,0.0
Product9,PP1-L1,8,0.0
Product9,PP1-L1,9,0.0
Product9,PP1-L1,10,0.0
Product9,PP1-L1,11,0.0
Product9,PP1-L1,12,0.0
Product9,PP1-L1,13,0.0
Product9,PP1-L1,14,0.0
Product9,PP1-L1,15,0.0
Product9,PP1-L1,16,0.0
Product9,PP1-L1,17,0.0
Product9,PP1-L1,18,0.0
Product9,PP1-L1,19,0.0
Product9,PP1-L1,20,0.0
Product9,PP1-L1,21,0.0
Product9,PP1-L1,22,0.0
Product9,PP1-L1,23,0.0
Product9,PP1-L1,24,0.0
Product9,PP1-L1,25,0.0
Product9,PP1-L1,26,0.0
Product9,PP1-L1,27,0.0
Product9,PP1-L1,28,0.0
Product9,PP1-L1,29,0.0
Product9,PP1-L1,30,40.0
Product9,PP1-L1,31,0.0
Product9,PP1-L1,32,0.0
Product9,PP1-L1,33,0.0
Product9,PP1-L1,34,40.0
Product9,PP1-L1,35,80.0
Product9,PP1-L2,1,0.0
Product9,PP1-L2,2,0.0
Product9,PP1-L2,3,0.0
Product9,PP1-L2,4,0.0
Product9,PP1-L2,5,0.0
Product9,PP1-L2,6,0.0
Product9,PP1-L2,7,0.0
Product9,PP1-L2,8,0.0
Product9,PP1-L2,9,0.0
Product9,PP1-L2,10,0.0
Product9,PP1-L2,11,0.0
Product9,PP1-L2,12,0.0
Product9,PP1-L2,13,0.0
Product9,PP1-L2,14,0.0
Product9,PP1-L2,15,0.0
Product9,PP1-L2,16,0.0
Product9,PP1-L2,17,0.0
Product9,PP1-L2,18,0.0
Product9,PP1-L2,19,0.0
Product9,PP1-L2,20,0.0
Product9,PP1-L2,21,0.0
Product9,PP1-L2,22,0.0
Product9,PP1-L2,23,0.0
Product9,PP1-L2,24,160.0
Product9,PP1-L2,25,0.0
Product9,PP1-L2,26,0.0
Product9,PP1-L2,27,0.0
Product9,PP1-L2,28,0.0
Product9,PP1-L2,29,120.0
Product9,PP1-L2,30,160.0
Product9,PP1-L2,31,0.0
Product9,PP1-L2,32,0.0
Product9,PP1-L2,33,0.0
Product9,PP1-L2,34,0.0
Product9,PP1-L2,35,0.0
Product9,PP1-L3,1,0.0
Product9,PP1-L3,2,0.0
Product9,PP1-L3,3,0.0
Product9,PP1-L3,4,0.0
Product9,PP1-L3,5,0.0
Product9,PP1-L3,6,0.0
Product9,PP1-L3,7,0.0
Product9,PP1-L3,8,0.0
Product9,PP1-L3,9,0.0
Product9,PP1-L3,10,0.0
Product9,PP1-L3,11,0.0
Product9,PP1-L3,12,0.0
Product9,PP1-L3,13,0.0
Product9,PP1-L3,14,0.0
Product9,PP1-L3,15,0.0
Product9,PP1-L3,16,0.0
Product9,PP1-L3,17,0.0
Product9,PP1-L3,18,0.0
Product9,PP1-L3,19,0.0
Product9,PP1-L3,20,0.0
Product9,PP1-L3,21,0.0
Product9,PP1-L3,22,0.0
Product9,PP1-L3,23,0.0
Product9,PP1-L3,24,0.0
Product9,PP1-L3,25,0.0
Product9,PP1-L3,26,40.0
Product9,PP1-L3,27,0.0
Product9,PP1-L3,28,0.0
Product9,PP1-L3,29,40.0
Product9,PP1-L3,30,0.0
Product9,PP1-L3,31,0.0
Product9,PP1-L3,32,0.0
Product9,PP1-L3,33,200.0
Product9,PP1-L3,34,0.0
Product9,PP1-L3,35,0.0
Product9,PP1-L4,1,0.0
Product9,PP1-L4,2,0.0
Product9,PP1-L4,3,0.0
Product9,PP1-L4,4,0.0
Product9,PP1-L4,5,0.0
Product9,PP1-L4,6,0.0
Product9,PP1-L4,7,0.0
Product9,PP1-L4,8,0.0
Product9,PP1-L4,9,0.0
Product9,PP1-L4,10,0.0
Product9,PP1-L4,11,0.0
Product9,PP1-L4,12,0.0
Product9,PP1-L4,13,0.0
Product9,PP1-L4,14,0.0
Product9,PP1-L4,15,0.0
Product9,PP1-L4,16,0.0
Product9,PP1-L4,17,0.0
Product9,PP1-L4,18,0.0
Product9,PP1-L4,19,0.0
Product9,PP1-L4,20,0.0
Product9,PP1-L4,21,0.0
Product9,PP1-L4,22,0.0
Product9,PP1-L4,23,0.0
Product9,PP1-L4,24,0.0
Product9,PP1-L4,25,200.0
Product9,PP1-L4,26,0.0
Product9,PP1-L4,27,80.0
Product9,PP1-L4,28,0.0
Product9,PP1-L4,29,40.0
Product9,PP1-L4,30,0.0
Product9,PP1-L4,31,0.0
Product9,PP1-L4,32,0.0
Product9,PP1-L4,33,0.0
Product9,PP1-L4,34,0.0
Product9,PP1-L4,35,0.0
Product9,PP2-L0,1,0.0
Product9,PP2-L0,2,0.0
Product9,PP2-L0,3,0.0
Product9,PP2-L0,4,0.0
Product9,PP2-L0,5,0.0
Product9,PP2-L0,6,0.0
Product9,PP2-L0,7,0.0
Product9,PP2-L0,8,0.0
Product9,PP2-L0,9,0.0
Product9,PP2-L0,10,0.0
Product9,PP2-L0,11,0.0
Product9,PP2-L0,12,0.0
Product9,PP2-L0,13,0.0
Product9,PP2-L0,14,0.0
Product9,PP2-L0,15,0.0
Product9,PP2-L0,16,0.0
Product9,PP2-L0,17,0.0
Product9,PP2-L0,18,0.0
Product9,PP2-L0,19,0.0
Product9,PP2-L0,20,0.0
Product9,PP2-L0,21,0.0
Product9,PP2-L0,22,0.0
Product9,PP2-L0,23,0.0
Product9,PP2-L0,24,0.0
Product9,PP2-L0,25,0.0
Product9,PP2-L0,26,80.0
Product9,PP2-L0,27,0.0
Product9,PP2-L0,28,0.0
Product9,PP2-L0,29,0.0
Product9,PP2-L0,30,0.0
Product9,PP2-L0,31,0.0
Product9,PP2-L0,32,0.0
Product9,PP2-L0,33,120.0
Product9,PP2-L0,34,0.0
Product9,PP2-L0,35,0.0
Product9,PP2-L1,1,0.0
Product9,PP2-L1,2,0.0
Product9,PP2-L1,3,0.0
Product9,PP2-L1,4,0.0
Product9,PP2-L1,5,0.0
Product9,PP2-L1,6,0.0
Product9,PP2-L1,7,0.0
Product9,PP2-L1,8,0.0
Product9,PP2-L1,9,0.0
Product9,PP2-L1,10,0.0
Product9,PP2-L1,11,0.0
Product9,PP2-L1,12,0.0
Product9,PP2-L1,13,0.0
Product9,PP2-L1,14,0.0
Product9,PP2-L1,15,0.0
Product9,PP2-L1,16,0.0
Product9,PP2-L1,17,0.0
Product9,PP2-L1,18,0.0
Product9,PP2-L1,19,0.0
Product9,PP2-L1,20,0.0
Product9,PP2-L1,21,0.0
Product9,PP2-L1,22,0.0
Product9,PP2-L1,23,0.0
Product9,PP2-L1,24,0.0
Product9,PP2-L1,25,0.0
Product9,PP2-L1,26,0.0
Product9,PP2-L1,27,0.0
Product9,PP2-L1,28,200.0
Product9,PP2-L1,29,160.0
Product9,PP2-L1,30,200.0
Product9,PP2-L1,31,0.0
Product9,PP2-L1,32,0.0
Product9,PP2-L1,33,40.0
Product9,PP2-L1,34,0.0
Product9,PP2-L1,35,0.0
Product9,PP2-L2,1,0.0
Product9,PP2-L2,2,0.0
Product9,PP2-L2,3,0.0
Product9,PP2-L2,4,0.0
Product9,PP2-L2,5,0.0
Product9,PP2-L2,6,0.0
Product9,PP2-L2,7,0.0
Product9,PP2-L2,8,0.0
Product9,PP2-L2,9,0.0
Product9,PP2-L2,10,0.0
Product9,PP2-L2,11,0.0
Product9,PP2-L2,12,0.0
Product9,PP2-L2,13,0.0
Product9,PP2-L2,14,0.0
Product9,PP2-L2,15,0.0
Product9,PP2-L2,16,0.0
Product9,PP2-L2,17,0.0
Product9,PP2-L2,18,0.0
Product9,PP2-L2,19,0.0
Product9,PP2-L2,20,0.0
Product9,PP2-L2,21,0.0
Product9,PP2-L2,22,0.0
Product9,PP2-L2,23,0.0
Product9,PP2-L2,24,0.0
Product9,PP2-L2,25,160.0
Product9,PP2-L2,26,0.0
Product9,PP2-L2,27,0.0
Product9,PP2-L2,28,0.0
Product9,PP2-L2,29,0.0
Product9,PP2-L2,30,0.0
Product9,PP2-L2,31,0.0
Product9,PP2-L2,32,200.0
Product9,PP2-L2,33,0.0
Product9,PP2-L2,34,0.0
Product9,PP2-L2,35,0.0
Product9,PP2-L3,1,0.0
Product9,PP2-L3,2,0.0
Product9,PP2-L3,3,0.0
Product9,PP2-L3,4,0.0
Product9,PP2-L3,5,0.0
Product9,PP2-L3,6,0.0
Product9,PP2-L3,7,0.0
Product9,PP2-L3,8,0.0
Product9,PP2-L3,9,0.0
Product9,PP2-L3,10,0.0
Product9,PP2-L3,11,0.0
Product9,PP2-L3,12,0.0
Product9,PP2-L3,13,0.0
Product9,PP2-L3,14,0.0
Product9,PP2-L3,15,0.0
Product9,PP2-L3,16,0.0
Product9,PP2-L3,17,0.0
Product9,PP2-L3,18,0.0
Product9,PP2-L3,19,0.0
Product9,PP2-L3,20,0.0
Product9,PP2-L3,21,0.0
Product9,PP2-L3,22,0.0
Product9,PP2-L3,23,0.0
Product9,PP2-L3,24,40.0
Product9,PP2-L3,25,40.0
Product9,PP2-L3,26,0.0
Product9,PP2-L3,27,200.0
Product9,PP2-L3,28,0.0
Product9,PP2-L3,29,0.0
Product9,PP2-L3,30,0.0
Product9,PP2-L3,31,0.0
Product9,PP2-L3,32,0.0
Product9,PP2-L3,33,0.0
Product9,PP2-L3,34,0.0
Product9,PP2-L3,35,200.0
Product9,PP2-L4,1,0.0
Product9,PP2-L4,2,0.0
Product9,PP2-L4,3,0.0
Product9,PP2-L4,4,0.0
Product9,PP2-L4,5,0.0
Product9,PP2-L4,6,0.0
Product9,PP2-L4,7,0.0
Product9,PP2-L4,8,0.0
Product9,PP2-L4,9,0.0
Product9,PP2-L4,10,0.0
Product9,PP2-L4,11,0.0
Product9,PP2-L4,12,0.0
Product9,PP2-L4,13,0.0
Product9,PP2-L4,14,0.0
Product9,PP2-L4,15,0.0
Product9,PP2-L4,16,0.0
Product9,PP2-L4,17,0.0
Product9,PP2-L4,18,0.0
Product9,PP2-L4,19,0.0
Product9,PP2-L4,20,0.0
Product9,PP2-L4,21,0.0
Product9,PP2-L4,22,0.0
Product9,PP2-L4,23,0.0
Product9,PP2-L4,24,0.0
Product9,PP2-L4,25,0.0
Product9,PP2-L4,26,120.0
Product9,PP2-L4,27,0.0
Product9,PP2-L4,28,0.0
Product9,PP2-L4,29,40.0
Product9,PP2-L4,30,0.0
Product9,PP2-L4,31,0.0
Product9,PP2-L4,32,0.0
Product9,PP2-L4,33,0.0
Product9,PP2-L4,34,0.0
Product9,PP2-L4,35,0.0
Product9,PP3-L0,1,0.0
Product9,PP3-L0,2,0.0
Product9,PP3-L0,3,0.0
Product9,PP3-L0,4,0.0
Product9,PP3-L0,5,0.0
Product9,PP3-L0,6,0.0
Product9,PP3-L0,7,0.0
Product9,PP3-L0,8,0.0
Product9,PP3-L0,9,0.0
Product9,PP3-L0,10,0.0
Product9,PP3-L0,11,0.0
Product9,PP3-L0,12,0.0
Product9,PP3-L0,13,0.0
Product9,PP3-L0,14,0.0
Product9,PP3-L0,15,0.0
Product9,PP3-L0,16,0.0
Product9,PP3-L0,17,0.0
Product9,PP3-L0,18,0.0
Product9,PP3-L0,19,0.0
Product9,PP3-L0,20,0.0
Product9,PP3-L0,21,0.0
Product9,PP3-L0,22,0.0
Product9,PP3-L0,23,0.0
Product9,PP3-L0,24,0.0
Product9,PP3-L0,25,200.0
Product9,PP3-L0,26,0.0
Product9,PP3-L0,27,0.0
Product9,PP3-L0,28,0.0
Product9,PP3-L0,29,0.0
Product9,PP3-L0,30,0.0
Product9,PP3-L0,31,0.0
Product9,PP3-L0,32,0.0
Product9,PP3-L0,33,0.0
Product9,PP3-L0,34,0.0
Product9,PP3-L0,35,0.0
Product9,PP3-L1,1,0.0
Product9,PP3-L1,2,0.0
Product9,PP3-L1,3,0.0
Product9,PP3-L1,4,0.0
Product9,PP3-L1,5,0.0
Product9,PP3-L1,6,0.0
Product9,PP3-L1,7,0.0
Product9,PP3-L1,8,0.0
Product9,PP3-L1,9,0.0
Product9,PP3-L1,10,0.0
Product9,PP3-L1,11,0.0
Product9,PP3-L1,12,0.0
Product9,PP3-L1,13,0.0
Product9,PP3-L1,14,0.0
Product9,PP3-L1,15,0.0
Product9,PP3-L1,16,0.0
Product9,PP3-L1,17,0.0
Product9,PP3-L1,18,0.0
Product9,PP3-L1,19,0.0
Product9,PP3-L1,20,0.0
Product9,PP3-L1,21,0.0
Product9,PP3-L1,22,0.0
Product9,PP3-L1,23,0.0
Product9,PP3-L1,24,200.0
Product9,PP3-L1,25,0.0
Product9,PP3-L1,26,0.0
Product9,PP3-L1,27,0.0
Product9,PP3-L1,28,80.0
Product9,PP3-L1,29,0.0
Product9,PP3-L1,30,0.0
Product9,PP3-L1,31,160.0
Product9,PP3-L1,32,0.0
Product9,PP3-L1,33,0.0
Product9,PP3-L1,34,0.0
Product9,PP3-L1,35,40.0
Product9,PP3-L2,1,0.0
Product9,PP3-L2,2,0.0
Product9,PP3-L2,3,0.0
Product9,PP3-L2,4,0.0
Product9,PP3-L2,5,0.0
Product9,PP3-L2,6,0.0
Product9,PP3-L2,7,0.0
Product9,PP3-L2,8,0.0
Product9,PP3-L2,9,0.0
Product9,PP3-L2,10,0.0
Product9,PP3-L2,11,0.0
Product9,PP3-L2,12,0.0
Product9,PP3-L2,13,0.0
Product9,PP3-L2,14,0.0
Product9,PP3-L2,15,0.0
Product9,PP3-L2,16,0.0
Product9,PP3-L2,17,0.0
Product9,PP3-L2,18,0.0
Product9,PP3-L2,19,0.0
Product9,PP3-L2,20,0.0
Product9,PP3-L2,21,0.0
Product9,PP3-L2,22,0.0
Product9,PP3-L2,23,0.0
Product9,PP3-L2,24,0.0
Product9,PP3-L2,25,0.0
Product9,PP3-L2,26,0.0
Product9,PP3-L2,27,0.0
Product9,PP3-L2,28,120.0
Product9,PP3-L2,29,200.0
Product9,PP3-L2,30,0.0
Product9,PP3-L2,31,0.0
Product9,PP3-L2,32,0.0
Product9,PP3-L2,33,0.0
Product9,PP3-L2,34,0.0
Product9,PP3-L2,35,0.0
Product9,PP3-L3,1,0.0
Product9,PP3-L3,2,0.0
Product9,PP3-L3,3,0.0
Product9,PP3-L3,4,0.0
Product9,PP3-L3,5,0.0
Product9,PP3-L3,6,0.0
Product9,PP3-L3,7,0.0
Product9,PP3-L3,8,0.0
Product9,PP3-L3,9,0.0
Product9,PP3-L3,10,0.0
Product9,PP3-L3,11,0.0
Product9,PP3-L3,12,0.0
Product9,PP3-L3,13,0.0
Product9,PP3-L3,14,0.0
Product9,PP3-L3,15,0.0
Product9,PP3-L3,16,0.0
Product9,PP3-L3,17,0.0
Product9,PP3-L3,18,0.0
Product9,PP3-L3,19,0.0
Product9,PP3-L3,20,0.0
Product9,PP3-L3,21,0.0
Product9,PP3-L3,22,0.0
Product9,PP3-L3,23,0.0
Product9,PP3-L3,24,0.0
Product9,PP3-L3,25,0.0
Product9,PP3-L3,26,0.0
Product9,PP3-L3,27,0.0
Product9,PP3-L3,28,0.0
Product9,PP3-L3,29,0.0
Product9,PP3-L3,30,0.0
Product9,PP3-L3,31,0.0
Product9,PP3-L3,32,0.0
Product9,PP3-L3,33,0.0
Product9,PP3-L3,34,0.0
Product9,PP3-L3,35,0.0
Product9,PP3-L4,1,0.0
Product9,PP3-L4,2,0.0
Product9,PP3-L4,3,0.0
Product9,PP3-L4,4,0.0
Product9,PP3-L4,5,0.0
Product9,PP3-L4,6,0.0
Product9,PP3-L4,7,0.0
Product9,PP3-L4,8,0.0
Product9,PP3-L4,9,0.0
Product9,PP3-L4,10,0.0
Product9,PP3-L4,11,0.0
Product9,PP3-L4,12,0.0
Product9,PP3-L4,13,0.0
Product9,PP3-L4,14,0.0
Product9,PP3-L4,15,0.0
Product9,PP3-L4,16,0.0
Product9,PP3-L4,17,0.0
Product9,PP3-L4,18,0.0
Product9,PP3-L4,19,0.0
Product9,PP3-L4,20,0.0
Product9,PP3-L4,21,0.0
Product9,PP3-L4,22,0.0
Product9,PP3-L4,23,0.0
Product9,PP3-L4,24,0.0
Product9,PP3-L4,25,0.0
Product9,PP3-L4,26,0.0
Product9,PP3-L4,27,0.0
Product9,PP3-L4,28,0.0
Product9,PP3-L4,29,0.0
Product9,PP3-L4,30,0.0
Product9,PP3-L4,31,40.0
Product9,PP3-L4,32,0.0
Product9,PP3-L4,33,0.0
Product9,PP3-L4,34,0.0
Product9,PP3-L4,35,0.0
Product9,PP4-L0,1,0.0
Product9,PP4-L0,2,0.0
Product9,PP4-L0,3,0.0
Product9,PP4-L0,4,0.0
Product9,PP4-L0,5,0.0
Product9,PP4-L0,6,0.0
Product9,PP4-L0,7,0.0
Product9,PP4-L0,8,0.0
Product9,PP4-L0,9,0.0
Product9,PP4-L0,10,0.0
Product9,PP4-L0,11,0.0
Product9,PP4-L0,12,0.0
Product9,PP4-L0,13,0.0
Product9,PP4-L0,14,0.0
Product9,PP4-L0,15,0.0
Product9,PP4-L0,16,0.0
Product9,PP4-L0,17,0.0
Product9,PP4-L0,18,0.0
Product9,PP4-L0,19,0.0
Product9,PP4-L0,20,0.0
Product9,PP4-L0,21,0.0
Product9,PP4-L0,22,0.0
Product9,PP4-L0,23,0.0
Product9,PP4-L0,24,120.0
Product9,PP4-L0,25,0.0
Product9,PP4-L0,26,0.0
Product9,PP4-L0,27,0.0
Product9,PP4-L0,28,0.0
Product9,PP4-L0,29,0.0
Product9,PP4-L0,30,0.0
Product9,PP4-L0,31,40.0
Product9,PP4-L0,32,0.0
Product9,PP4-L0,33,80.0
Product9,PP4-L0,34,160.0
Product9,PP4-L0,35,0.0
Product9,PP4-L1,1,0.0
Product9,PP4-L1,2,0.0
Product9,PP4-L1,3,0.0
Product9,PP4-L1,4,0.0
Product9,PP4-L1,5,0.0
Product9,PP4-L1,6,0.0
Product9,PP4-L1,7,0.0
Product9,PP4-L1,8,0.0
Product9,PP4-L1,9,0.0
Product9,PP4-L1,10,0.0
Product9,PP4-L1,11,0.0
Product9,PP4-L1,12,0.0
Product9,PP4-L1,13,0.0
Product9,PP4-L1,14,0.0
Product9,PP4-L1,15,0.0
Product9,PP4-L1,16,0.0
Product9,PP4-L1,17,0.0
Product9,PP4-L1,18,0.0
Product9,PP4-L1,19,0.0
Product9,PP4-L1,20,0.0
Product9,PP4-L1,21,0.0
Product9,PP4-L1,22,0.0
Product9,PP4-L1,23,0.0
Product9,PP4-L1,24,0.0
Product9,PP4-L1,25,0.0
Product9,PP4-L1,26,200.0
Product9,PP4-L1,27,200.0
Product9,PP4-L1,28,0.0
Product9,PP4-L1,29,40.0
Product9,PP4-L1,30,0.0
Product9,PP4-L1,31,0.0
Product9,PP4-L1,32,0.0
Product9,PP4-L1,33,40.0
Product9,PP4-L1,34,0.0
Product9,PP4-L1,35,0.0
Product9,PP4-L2,1,0.0
Product9,PP4-L2,2,0.0
Product9,PP4-L2,3,0.0
Product9,PP4-L2,4,0.0
Product9,PP4-L2,5,0.0
Product9,PP4-L2,6,0.0
Product9,PP4-L2,7,0.0
Product9,PP4-L2,8,0.0
Product9,PP4-L2,9,0.0
Product9,PP4-L2,10,0.0
Product9,PP4-L2,11,0.0
Product9,PP4-L2,12,0.0
Product9,PP4-L2,13,0.0
Product9,PP4-L2,14,0.0
Product9,PP4-L2,15,0.0
Product9,PP4-L2,16,0.0
Product9,PP4-L2,17,0.0
Product9,PP4-L2,18,0.0
Product9,PP4-L2,19,0.0
Product9,PP4-L2,20,0.0
Product9,PP4-L2,21,0.0
Product9,PP4-L2,22,0.0
Product9,PP4-L2,23,0.0
Product9,PP4-L2,24,40.0
Product9,PP4-L2,25,0.0
Product9,PP4-L2,26,0.0
Product9,PP4-L2,27,0.0
Product9,PP4-L2,28,0.0
Product9,PP4-L2,29,40.0
Product9,PP4-L2,30,0.0
Product9,PP4-L2,31,40.0
Product9,PP4-L2,32,200.0
Product9,PP4-L2,33,80.0
Product9,PP4-L2,34,0.0
Product9,PP4-L2,35,0.0
Product9,PP4-L3,1,0.0
Product9,PP4-L3,2,0.0
Product9,PP4-L3,3,0.0
Product9,PP4-L3,4,0.0
Product9,PP4-L3,5,0.0
Product9,PP4-L3,6,0.0
Product9,PP4-L3,7,0.0
Product9,PP4-L3,8,0.0
Product9,PP4-L3,9,0.0
Product9,PP4-L3,10,0.0
Product9,PP4-L3,11,0.0
Product9,PP4-L3,12,0.0
Product9,PP4-L3,13,0.0
Product9,PP4-L3,14,0.0
Product9,PP4-L3,15,0.0
Product9,PP4-L3,16,0.0
Product9,PP4-L3,17,0.0
Product9,PP4-L3,18,0.0
Product9,PP4-L3,19,0.0
Product9,PP4-L3,20,0.0
Product9,PP4-L3,21,0.0
Product9,PP4-L3,22,0.0
Product9,PP4-L3,23,0.0
Product9,PP4-L3,24,0.0
Product9,PP4-L3,25,0.0
Product9,PP4-L3,26,0.0
Product9,PP4-L3,27,0.0
Product9,PP4-L3,28,0.0
Product9,PP4-L3,29,120.0
Product9,PP4-L3,30,0.0
Product9,PP4-L3,31,0.0
Product9,PP4-L3,32,0.0
Product9,PP4-L3,33,0.0
Product9,PP4-L3,34,40.0
Product9,PP4-L3,35,0.0
Product9,PP4-L4,1,0.0
Product9,PP4-L4,2,0.0
Product9,PP4-L4,3,0.0
Product9,PP4-L4,4,0.0
Product9,PP4-L4,5,0.0
Product9,PP4-L4,6,0.0
Product9,PP4-L4,7,0.0
Product9,PP4-L4,8,0.0
Product9,PP4-L4,9,0.0
Product9,PP4-L4,10,0.0
Product9,PP4-L4,11,0.0
Product9,PP4-L4,12,0.0
Product9,PP4-L4,13,0.0
Product9,PP4-L4,14,0.0
Product9,PP4-L4,15,0.0
Product9,PP4-L4,16,0.0
Product9,PP4-L4,17,0.0
Product9,PP4-L4,18,0.0
Product9,PP4-L4,19,0.0
Product9,PP4-L4,20,0.0
Product9,PP4-L4,21,0.0
Product9,PP4-L4,22,0.0
Product9,PP4-L4,23,0.0
Product9,PP4-L4,24,40.0
Product9,PP4-L4,25,200.0
Product9,PP4-L4,26,0.0
Product9,PP4-L4,27,0.0
Product9,PP4-L4,28,0.0
Product9,PP4-L4,29,0.0
Product9,PP4-L4,30,0.0
Product9,PP4-L4,31,0.0
Product9,PP4-L4,32,0.0
Product9,PP4-L4,33,0.0
Product9,PP4-L4,34,0.0
Product9,PP4-L4,35,200.0
